"ID","Description","GeneRatio","BgRatio","RichFactor","FoldEnrichment","zScore","pvalue","p.adjust","qvalue","geneID","Count"
"GO:0007059","chromosome segregation","139/3301","434/18860",0.320276497695853,1.82987420373941,8.0562483975944,7.53294089487711e-14,3.33571171478341e-10,2.94549659886339e-10,"ABRAXAS1/ACTB/AKAP8/ANAPC1/ANAPC11/ANAPC2/ANAPC7/ANKRD31/APC/ARHGEF10/ARID1B/ATM/AURKA/BAG6/BCCIP/BCL7A/BCL7B/BUB3/CCDC86/CCNB1/CCNE2/CDC42/CDC6/CDK1/CDT1/CENPF/CENPN/CENPO/CENPT/CENPU/CEP192/CEP63/CHFR/CHMP1A/CHMP2A/CHMP2B/CHMP3/CHMP5/CHMP7/CLASP1/CSNK2A2/DDX3X/DPF2/DSN1/DYNC1H1/EHMT2/EML4/ERCC2/FBXO5/GEN1/GPSM2/HASPIN/HAUS3/HAUS6/HNRNPU/HORMAD1/KASH5/KIF11/KIF2A/KLHL22/KNL1/M1AP/MAD1L1/MAD2L1/MAEL/MAJIN/MAPRE2/MAPRE3/MCMDC2/MIS12/MIS18A/MLH1/MLH3/MMS19/MSH4/MSH5/MYBL2/NCAPD3/NCAPH/NDEL1/NEK6/NSMCE2/NTMT1/NUMA1/NUP62/PLSCR1/PPP2R2D/PRDM9/PUM2/RAB24/RAD18/RAD21/RAN/RCC1/RCC2/RECQL5/RHOA/RIOK2/RMDN1/RNF212/RNF4/SEH1L/SIRT7/SKA1/SKA3/SMARCA4/SMARCA5/SMARCB1/SMARCC1/SMARCD3/SMC4/SMC5/SMC6/SPATA22/SPC24/SPDL1/SPICE1/SPO11/SRPK1/STAG1/STAG2/STAG3/SYCE1/TENT4A/TEX15/TLK1/TOP1/TUBB/TUBB8/TUBG1/TUBG2/TUBGCP3/TUBGCP4/UBE2I/UHRF1/VPS4B/WAPL/ZCWPW1/ZWINT",139
"GO:0044772","mitotic cell cycle phase transition","145/3301","461/18860",0.314533622559653,1.79706274506969,7.98062888218231,1.09135014388464e-13,3.33571171478341e-10,2.94549659886339e-10,"ABRAXAS1/ACTB/ACVR1B/AKT1/ANAPC1/ANAPC11/ANAPC2/ANAPC7/ANLN/APC/APPL2/ARID1B/ATM/AURKA/BABAM2/BCL7A/BCL7B/BID/BRD4/BRSK1/BUB3/CACNB4/CACUL1/CALM3/CCNB1/CCND1/CCND3/CCNE2/CCNF/CCNH/CCNI/CCNJL/CCNP/CDC14A/CDC14B/CDC25B/CDC25C/CDC34/CDC6/CDC7/CDC73/CDK1/CDK10/CDK2AP2/CDKN2A/CDKN2C/CENPF/CHFR/CHMP2A/CHMP7/CKS2/CLASP1/CPSF3/CUL2/DACT1/DDX3X/DNM2/DPF2/DTL/EIF4EBP1/ERCC2/EZH2/FBXL15/FBXO31/FBXO5/FBXO7/FHL1/FOXO4/FZR1/GEN1/GSPT1/HASPIN/ID2/INHBA/INTS3/KANK2/KCNH5/KDM8/KHDRBS1/KLHL22/KNL1/MAD1L1/MAD2L1/MARK3/MEPCE/MRNIP/MYB/NABP2/NAE1/NEK6/NEUROG1/NFIB/NSMCE2/PABIR1/PIAS1/PKD1/PKD2/PKMYT1/PLK3/PLRG1/POLE/PPM1D/PPME1/PPP2CA/PPP2R2D/PPP6C/PRKDC/PRMT2/RAD21/RBBP8/RBL2/RBX1/RCC1/RCC2/RIOK2/SENP2/SKA1/SKA3/SMARCA4/SMARCB1/SMARCC1/SMARCD3/SMC5/SPAST/SPC24/SPDL1/TAOK1/TAOK2/TFDP1/TMEM14B/TMOD3/TPRA1/TRIAP1/TRIM39/UBE2E2/UBE2S/UIMC1/USP37/USP38/VPS4B/WAC/WNT10B/ZFP36L1/ZFYVE19/ZWINT",145
"GO:0006302","double-strand break repair","109/3301","334/18860",0.326347305389222,1.86455927889752,7.34291383099437,1.02757435832435e-11,2.06721662637084e-08,1.82539141949937e-08,"ABRAXAS1/ACTB/ACTR8/AP5S1/APLF/ARID1B/ATM/BABAM2/BCL7A/BCL7B/BRME1/C1QBP/CDC45/CDC7/CHD4/CSNK2A2/DDX11/DEK/DNA2/DPF2/DYRK1A/EPC1/EPC2/ERCC4/ERCC6/FAN1/FIGNL1/FUS/GEN1/H2AX/HMGA2/HSF1/HTATSF1/INTS3/KASH5/KDM2A/LIG3/LIG4/MAJIN/MBTD1/MCM2/MCM4/MCM6/MCMDC2/MEAF6/MLH1/MMS22L/MORF4L1/MRGBP/MRNIP/NABP2/NHEJ1/NSMCE2/NSMCE3/NSMCE4A/OGG1/PALB2/PARP1/PARP2/PARP3/PIAS1/PIAS4/PML/POLA1/POLN/PPP4R2/PPP5C/PRDM9/PRKDC/RAD21/RAD51AP1/RAD54B/RBBP8/RECQL4/RECQL5/REV3L/RMI1/RNF126/RPA1/RTEL1/SAMHD1/SENP3/SETMAR/SFR1/SHLD2/SIRT6/SLX4/SMARCA4/SMARCB1/SMARCC1/SMARCD3/SMC5/SMC6/SMCHD1/SPIRE2/SPO11/TDP1/TDP2/TENT4A/TEX15/TWIST1/UHRF1/UIMC1/XRCC1/XRCC2/YEATS4/YY1/ZCWPW1/ZGRF1",109
"GO:0098813","nuclear chromosome segregation","106/3301","323/18860",0.328173374613003,1.87499237964291,7.30595611121455,1.35266914861498e-11,2.06721662637084e-08,1.82539141949937e-08,"ABRAXAS1/ACTB/AKAP8/ANAPC1/ANAPC11/ANAPC2/ANAPC7/ANKRD31/APC/ARHGEF10/ARID1B/ATM/AURKA/BAG6/BCCIP/BCL7A/BCL7B/BUB3/CCNB1/CCNE2/CDC42/CDC6/CDK1/CDT1/CENPF/CEP192/CHFR/CHMP1A/CHMP2A/CHMP2B/CHMP3/CHMP5/CHMP7/CLASP1/DPF2/DSN1/DYNC1H1/EHMT2/EML4/FBXO5/GEN1/HASPIN/HNRNPU/HORMAD1/KASH5/KIF11/KIF2A/KLHL22/KNL1/M1AP/MAD1L1/MAD2L1/MAEL/MAJIN/MCMDC2/MIS12/MLH1/MLH3/MSH4/MSH5/MYBL2/NCAPD3/NCAPH/NEK6/NSMCE2/NUMA1/NUP62/PRDM9/RAB24/RAD21/RAN/RCC1/RCC2/RHOA/RIOK2/RMDN1/RNF212/SEH1L/SIRT7/SKA1/SKA3/SMARCA4/SMARCA5/SMARCB1/SMARCC1/SMARCD3/SMC4/SPATA22/SPC24/SPDL1/SPICE1/SPO11/STAG1/STAG2/STAG3/SYCE1/TENT4A/TEX15/TUBB8/TUBG1/TUBG2/UHRF1/VPS4B/WAPL/ZCWPW1/ZWINT",106
"GO:0000280","nuclear division","135/3301","453/18860",0.298013245033113,1.7026748867993,6.97273691322092,5.53529637478101e-11,6.76745334780727e-08,5.97578943365832e-08,"ABRAXAS1/AKAP8/ANAPC11/ANAPC7/ANKRD31/ANLN/APC/ARHGEF10/ASZ1/ATM/AURKA/BAG6/BCCIP/BMP7/BRME1/BROX/BUB3/CCDC86/CCNB1/CCNE2/CDC14A/CDC14B/CDC25B/CDC25C/CDC42/CDK1/CDT1/CENPF/CEP192/CHFR/CHMP1A/CHMP2A/CHMP2B/CHMP3/CHMP5/CHMP7/CKS2/CLASP1/DAPK3/DMRT1/EHMT2/EML4/ERCC4/FANCA/FBXO5/FBXW5/FIGNL1/FZR1/GEN1/HASPIN/HNRNPU/HORMAD1/HSF1/IGF2/ING2/KASH5/KCTD19/KIF11/KIF2A/KLHL22/KNL1/L3MBTL1/M1AP/MAD1L1/MAD2L1/MAEL/MAJIN/MCMDC2/MEI1/MEIOSIN/MIS12/MLH1/MLH3/MOV10L1/MSH4/MSH5/MYBL2/NCAPD3/NCAPH/NDEL1/NEUROG1/NFIB/NSMCE2/NUMA1/NUP62/PKMYT1/PPP2R2D/PRDM9/PSMA8/RAB24/RAD21/RAD51AP1/RAD54B/RAN/RANBP1/RCC1/RHOA/RMDN1/RMI1/RNF212/RPL10L/SEH1L/SIRT7/SKA1/SKA3/SLC25A31/SLX4/SMARCA5/SMC4/SPAST/SPATA22/SPC24/SPDL1/SPICE1/SPIRE2/SPO11/STAG1/STAG2/STAG3/SYCE1/TENT4A/TEX15/TOP6BL/TUBB8/TUBG1/TUBG2/UBB/UBE2I/UBE2S/UHRF1/VPS4B/WAPL/ZCWPW1/ZNF541/ZWINT",135
"GO:0033044","regulation of chromosome organization","82/3301","244/18860",0.336065573770492,1.92008382953998,6.66300866574012,7.63965616200845e-10,7.55248500619578e-07,6.6689872509444e-07,"ACD/ACTB/ACTR8/ANAPC1/ANAPC11/ANAPC2/ANAPC7/APC/ARID1B/ATM/BCL7A/BCL7B/BUB3/CCNB1/CCT3/CCT5/CDC6/CDK1/CENPF/CHFR/DDX11/DKC1/DPF2/ERCC4/FBXO5/GEN1/HASPIN/HNRNPA1/HNRNPU/HSP90AA1/INO80C/INO80E/KLHL22/KNL1/LIG4/MAD1L1/MAD2L1/MAP2K7/MAPT/NABP2/NAT10/NCAPD3/NCAPH/NEK6/NSMCE2/NSMCE3/NSMCE4A/NUMA1/PARN/PARP1/PARP3/PKIB/PML/PPP1R10/PTGES3/RAD21/RIOK2/RNF4/RTEL1/SETMAR/SIRT6/SKA1/SKA3/SLX4/SMARCA4/SMARCA5/SMARCB1/SMARCC1/SMARCD3/SMC4/SMC5/SMC6/SMG6/SPC24/SPDL1/TNKS2/UPF1/WAPL/XRCC1/YLPM1/YY1/ZWINT",82
"GO:1901990","regulation of mitotic cell cycle phase transition","109/3301","357/18860",0.305322128851541,1.74443361106939,6.54079079963272,8.64835515186823e-10,7.55248500619578e-07,6.6689872509444e-07,"ABRAXAS1/ACTB/AKT1/ANAPC11/ANAPC7/ANLN/APC/APPL2/ARID1B/ATM/AURKA/BABAM2/BCL7A/BCL7B/BID/BRD4/BRSK1/BUB3/CACNB4/CCNB1/CCND1/CCND3/CCNE2/CCNH/CDC14A/CDC14B/CDC25B/CDC25C/CDC6/CDC7/CDC73/CDK1/CDK10/CDK2AP2/CDKN2A/CDKN2C/CENPF/CHFR/CPSF3/DACT1/DDX3X/DPF2/DTL/ERCC2/EZH2/FBXO31/FBXO5/FBXO7/FHL1/FOXO4/FZR1/GEN1/HASPIN/ID2/INHBA/INTS3/KANK2/KCNH5/KLHL22/KNL1/MAD1L1/MAD2L1/MARK3/MEPCE/MRNIP/NABP2/NAE1/NEK6/NEUROG1/NSMCE2/PABIR1/PKD1/PKD2/PKMYT1/PLK3/PLRG1/PPP2CA/PRKDC/PRMT2/RAD21/RBBP8/RBL2/RCC2/RIOK2/SENP2/SKA1/SKA3/SMARCA4/SMARCB1/SMARCC1/SMARCD3/SPC24/SPDL1/TAOK1/TAOK2/TFDP1/TMEM14B/TMOD3/TPRA1/TRIAP1/TRIM39/UBE2E2/UIMC1/VPS4B/WAC/WNT10B/ZFP36L1/ZFYVE19/ZWINT",109
"GO:0007098","centrosome cycle","57/3301","150/18860",0.38,2.17109966676765,6.63275331280671,1.87938226497811e-09,1.4360829732264e-06,1.26808845457997e-06,"ARHGEF10/AURKA/BNIP2/BRSK1/C2CD3/CCDC102B/CCNF/CDK1/CDK11A/CDK11B/CEP120/CEP192/CEP250/CEP295/CEP44/CEP63/CEP72/CHD3/CHMP1A/CHMP2A/CHMP2B/CHMP3/CHMP5/CHORDC1/CNTLN/CNTROB/DCTN1/DEUP1/DNM2/FBXW5/GADD45A/GEN1/HAUS3/HAUS6/KIF11/KIF3A/MDM1/NAT10/NDEL1/NPM1/NUBP1/NUP62/PARD6B/PARD6G/PDCD6IP/PKD2/PLK4/POC1A/PPP1R12A/RANBP1/RBM14/SLC16A1/SPICE1/SSX2IP/TRIM37/VPS4B/XRCC2",57
"GO:1901987","regulation of cell cycle phase transition","133/3301","468/18860",0.284188034188034,1.62368564822367,6.29311183892242,2.35483442352462e-09,1.59945587011178e-06,1.41234981565313e-06,"ABRAXAS1/ACTB/AKT1/ANAPC11/ANAPC7/ANLN/APBB2/APC/APPL2/ARID1B/ATM/AURKA/BABAM2/BCL7A/BCL7B/BID/BRD4/BRSK1/BUB3/CACNB4/CAMSAP3/CCNB1/CCND1/CCND3/CCNE2/CCNH/CCNQ/CDC14A/CDC14B/CDC25B/CDC25C/CDC45/CDC5L/CDC6/CDC7/CDC73/CDK1/CDK10/CDK16/CDK17/CDK2AP2/CDKN2A/CDKN2C/CDT1/CENPF/CEP63/CHFR/CLOCK/CPSF3/CRY1/DACT1/DDX3X/DNA2/DPF2/DTL/ERCC2/ERCC6/EZH2/FBXO31/FBXO5/FBXO7/FHL1/FOXO4/FZR1/GEN1/GNB1L/H2AX/HASPIN/HORMAD1/ID2/INHBA/INTS3/INTS7/KANK2/KCNH5/KLHL22/KNL1/MAD1L1/MAD2L1/MARK3/MEPCE/MRNIP/NABP2/NAE1/NEK6/NEUROG1/NPM1/NSMCE2/NSUN2/PABIR1/PAXIP1/PKD1/PKD2/PKMYT1/PLK3/PLRG1/PPP1R10/PPP2CA/PRKDC/PRMT2/RAD21/RAD9A/RASSF1/RBBP8/RBL2/RCC2/RIOK2/SENP2/SETMAR/SKA1/SKA3/SMARCA4/SMARCB1/SMARCC1/SMARCD3/SPC24/SPDL1/TAOK1/TAOK2/TFDP1/TMEM14B/TMOD3/TPRA1/TRIAP1/TRIM39/UBE2E2/UIMC1/VPS4B/WAC/WNT10B/ZFP36L1/ZFYVE19/ZWINT",133
"GO:0050684","regulation of mRNA processing","53/3301","139/18860",0.381294964028777,2.17849834037647,6.42337246613758,5.97929459224895e-09,3.27647631310677e-06,2.89319061768475e-06,"ALKBH5/C1QBP/CCNB1/CDC73/CDK11A/CDK11B/CELF4/CIRBP/DAZAP1/DHX9/DYRK1A/FMR1/HDAC7/HNRNPA1/HNRNPK/HNRNPL/HNRNPU/IWS1/KHDRBS1/KHDRBS3/LARP7/NCL/NOVA1/NPM1/PTBP1/QKI/RBFOX1/RBM14/RBM19/RBM23/RBM42/RNPS1/SAFB/SAFB2/SAP18/SLTM/SNRNP70/SNW1/SRPK1/SRPK2/SRSF1/SRSF10/SRSF12/SRSF2/SRSF5/SRSF6/SRSF9/TIA1/TRA2A/U2AF2/UPF1/YTHDC1/ZFP36L1",53
"GO:0000725","recombinational repair","69/3301","201/18860",0.343283582089552,1.9613233438985,6.31123841973029,6.14639978566208e-09,3.27647631310677e-06,2.89319061768475e-06,"ACTB/AP5S1/ATM/C1QBP/CDC45/CDC7/CHD4/CTBP1-DT/DYRK1A/EPC1/EPC2/ERCC4/ERCC6/FAN1/FIGNL1/FUS/GEN1/H2AX/HTATSF1/INTS3/KASH5/LIG3/MBTD1/MCM2/MCM4/MCM6/MCMDC2/MEAF6/MMS22L/MORF4L1/MRGBP/MRNIP/NABP2/NSMCE2/NSMCE3/NSMCE4A/PALB2/PARP1/PIAS1/PIAS4/POLN/PPP4R2/PRKDC/RAD21/RAD51AP1/RAD54B/RBBP8/RECQL4/RECQL5/REV3L/RMI1/RNF126/RPA1/RTEL1/SAMHD1/SENP3/SFR1/SHLD2/SIRT6/SLX4/SMC5/SMC6/SMCHD1/TEX15/UHRF1/XRCC2/YEATS4/YY1/ZGRF1",69
"GO:0006354","DNA-templated transcription elongation","54/3301","143/18860",0.377622377622378,2.15751531110513,6.39982199945175,6.43182001591383e-09,3.27647631310677e-06,2.89319061768475e-06,"ARMC5/BRD4/CCNK/CCNT2/CDC73/CTR9/EAPP/ELOB/ELOF1/ERCC2/ERCC6/EZH2/GTF2F1/GTF2F2/GTF2H5/HMGN1/HNRNPU/INTS11/INTS13/INTS2/INTS3/INTS7/IWS1/KAT7/LARP7/LDB1/MED11/MED15/MED18/MED20/MED25/MED26/MED28/MED4/NELFA/NELFB/NELFCD/NELFE/PARP1/PCID2/POLR2E/POLR2I/PPP1R10/PPP2CA/RBX1/RECQL5/RTF1/SETD5/SIRT6/SUPT4H1/SUPT5H/TCEA2/VHL/WDR43",54
"GO:0008380","RNA splicing","136/3301","490/18860",0.277551020408163,1.58576559978733,6.05143784830969,8.02382644431273e-09,3.64393828024497e-06,3.21766649178992e-06,"AKAP17A/ALYREF/ARMC7/ATXN7L3/C1QBP/CDC5L/CDK11A/CDK11B/CELF4/CIRBP/CLASRP/CLK1/CRIPT/DAZAP1/DDX39A/DDX39B/DDX42/DHX15/DHX8/DHX9/DYRK1A/ESS2/FAM98A/FMR1/FUS/GEMIN2/GEMIN4/GPATCH8/HNRNPA1/HNRNPA3/HNRNPF/HNRNPH1/HNRNPH2/HNRNPH3/HNRNPK/HNRNPL/HNRNPM/HNRNPR/HNRNPU/HTATSF1/ILF3/IWS1/KHDRBS1/KHDRBS3/KHSRP/LARP7/LSM1/LSM2/LSM4/LSM7/LSM8/LUC7L/MBNL1/MPHOSPH10/NCL/NOVA1/NPM1/PABPC1/PAXBP1/PLRG1/PPP4R2/PRPF40A/PRPF6/PTBP1/PTBP2/PTBP3/QKI/RBFOX1/RBM12/RBM12B/RBM14/RBM17/RBM19/RBM23/RBM42/RBMX2/RNPS1/RNU6ATAC/RRP1B/RSRP1/RTCB/SAP18/SART1/SCAF1/SCAF11/SF1/SF3A2/SF3B1/SNRNP25/SNRNP70/SNRPD2/SNRPN/SNW1/SREK1/SRPK1/SRPK2/SRRM2/SRSF1/SRSF10/SRSF12/SRSF2/SRSF5/SRSF6/SRSF9/STRAP/SUGP2/SUPT3H/SYNCRIP/TADA2B/TAF12/TAF12-DT/THOC3/THOC6/TIA1/TMBIM6/TRA2A/TSEN15/TSEN2/TSEN34/TSEN54/TSSC4/TXNL4A/TXNL4B/U2AF1L4/U2AF2/UBL5/UPF1/USP39/YBX1/YJU2B/YTHDC1/ZC3H14/ZMAT2/ZMAT5/ZNF638/ZRSR2",136
"GO:0031023","microtubule organizing center organization","59/3301","163/18860",0.361963190184049,2.06804779365985,6.30797229784684,8.34535186053159e-09,3.64393828024497e-06,3.21766649178992e-06,"ARHGEF10/AURKA/BNIP2/BRSK1/C2CD3/CCDC102B/CCNF/CDK1/CDK11A/CDK11B/CEP120/CEP192/CEP250/CEP295/CEP44/CEP63/CEP72/CHD3/CHMP1A/CHMP2A/CHMP2B/CHMP3/CHMP5/CHORDC1/CLASP1/CNTLN/CNTROB/DCTN1/DEUP1/DNM2/FBXW5/GADD45A/GEN1/HAUS3/HAUS6/KIF11/KIF3A/MDM1/NAT10/NDEL1/NPM1/NUBP1/NUP62/PAFAH1B1/PARD6B/PARD6G/PDCD6IP/PKD2/PLK4/POC1A/PPP1R12A/RANBP1/RBM14/SLC16A1/SPICE1/SSX2IP/TRIM37/VPS4B/XRCC2",59
"GO:0000724","double-strand break repair via homologous recombination","67/3301","195/18860",0.343589743589744,1.96307257319072,6.22663739545849,9.73792015453483e-09,3.76155568410359e-06,3.3215248862361e-06,"ACTB/AP5S1/ATM/C1QBP/CDC45/CDC7/CHD4/DYRK1A/EPC1/EPC2/ERCC4/ERCC6/FAN1/FIGNL1/FUS/GEN1/H2AX/HTATSF1/INTS3/KASH5/LIG3/MBTD1/MCM2/MCM4/MCM6/MCMDC2/MEAF6/MMS22L/MORF4L1/MRGBP/MRNIP/NABP2/NSMCE2/NSMCE3/NSMCE4A/PALB2/PARP1/PIAS1/PIAS4/POLN/PPP4R2/PRKDC/RAD21/RAD51AP1/RAD54B/RBBP8/RECQL4/RECQL5/REV3L/RMI1/RNF126/RPA1/RTEL1/SAMHD1/SENP3/SFR1/SHLD2/SIRT6/SLX4/SMC5/SMC6/SMCHD1/TEX15/UHRF1/XRCC2/YEATS4/YY1",67
"GO:0010639","negative regulation of organelle organization","108/3301","367/18860",0.294277929155313,1.68133345770046,6.07128073906292,9.84539357854693e-09,3.76155568410359e-06,3.3215248862361e-06,"ACD/AKT1/ANKRD27/APC/APC2/ARAP1/ARHGAP28/ARHGEF18/ATM/BBOF1/BMP7/BNIP3/BUB3/CAPG/CAPZA1/CAPZA2/CARMIL2/CCDC88C/CCNB1/CCNF/CDK10/CENPF/CFL1/CKAP2/CLASP1/CLIP3/CTNNA2/CYRIB/DMRT1/DYRK1A/EHMT2/EML2/ERCC4/FBXO5/FEZ1/FKBP4/GEN1/HASPIN/HDGFL3/HNRNPA1/HNRNPU/HORMAD1/INPP5K/KANK1/KANK2/KANK3/KLHL22/KNL1/MAD1L1/MAD2L1/MAPT/MDM1/MPHOSPH9/MTPN/NAT10/NPM1/NUBP1/OMA1/OPA1/PARP1/PARP3/PFN1/PHF23/PINK1/PML/PPARG/PRELID1/PRKN/RAD21/RBM14/RHPN1/RTEL1/SETMAR/SKA1/SKA3/SLC25A31/SLC25A4/SLC35F6/SLX4/SMAD4/SMARCA5/SMG6/SPC24/SPDL1/SPECC1L/SPTAN1/SPTBN1/SPTBN2/SPTBN4/SSH1/SSH2/SVIL/TAOK1/TBC1D7/TFRC/TMEM14A/TMOD3/TNKS2/TRIAP1/TRIM32/TRIM37/TTBK2/TWF2/USP10/WAPL/WDR44/XRCC1/ZWINT",108
"GO:0051983","regulation of chromosome segregation","51/3301","134/18860",0.380597014925373,2.17451066388747,6.28460672715553,1.2346867284108e-08,4.43978821810308e-06,3.9204170546691e-06,"ACTB/ANAPC1/ANAPC11/ANAPC2/ANAPC7/APC/ARID1B/ATM/BCL7A/BCL7B/BUB3/CCNB1/CDC6/CDK1/CENPF/CHFR/CSNK2A2/DPF2/FBXO5/GEN1/HASPIN/HNRNPU/HORMAD1/KLHL22/KNL1/MAD1L1/MAD2L1/NCAPD3/NCAPH/NEK6/NSMCE2/NUMA1/PLSCR1/PPP2R2D/PUM2/RAD18/RAD21/RCC2/RIOK2/SKA1/SKA3/SMARCA4/SMARCB1/SMARCC1/SMARCD3/SMC4/SMC5/SMC6/SPC24/SPDL1/ZWINT",51
"GO:0000819","sister chromatid segregation","76/3301","233/18860",0.32618025751073,1.86360486417824,6.10960080821336,1.38046564868286e-08,4.68821472799907e-06,4.13978236634252e-06,"ABRAXAS1/ACTB/AKAP8/ANAPC1/ANAPC11/ANAPC2/ANAPC7/APC/ARHGEF10/ARID1B/ATM/BCCIP/BCL7A/BCL7B/BUB3/CCNB1/CDC6/CDK1/CDT1/CENPF/CEP192/CHFR/CHMP1A/CHMP2A/CHMP2B/CHMP3/CHMP5/CHMP7/CLASP1/DPF2/EML4/FBXO5/GEN1/HASPIN/HNRNPU/KIF11/KIF2A/KLHL22/KNL1/MAD1L1/MAD2L1/MIS12/MYBL2/NCAPD3/NCAPH/NEK6/NSMCE2/NUMA1/NUP62/RAD21/RAN/RCC1/RHOA/RIOK2/RMDN1/SEH1L/SKA1/SKA3/SMARCA4/SMARCA5/SMARCB1/SMARCC1/SMARCD3/SMC4/SPC24/SPDL1/SPICE1/STAG1/STAG2/TENT4A/TUBG1/TUBG2/UHRF1/VPS4B/WAPL/ZWINT",76
"GO:0051052","regulation of DNA metabolic process","136/3301","497/18860",0.27364185110664,1.56343087302976,5.86324807464485,2.08082035543347e-08,6.69476570145517e-06,5.91160486574119e-06,"ABRAXAS1/ACD/ACTB/ACTR8/AKT1/ANKRD31/APLF/ARID1B/ATM/ATXN7L3/BABAM2/BCL7A/BCL7B/C1QBP/CAMSAP3/CCT3/CCT5/CDC6/CDC7/CDK1/CDT1/CHRAC1/CHTF18/CHTF8/DDX11/DEK/DFFB/DHX9/DKC1/DNA2/DPF2/DYNLL1/EHMT2/ENDOG/EPC1/EPC2/ERCC2/ERCC4/ERCC6/ESCO1/FBXO5/FIGNL1/FUS/GMNN/H1-2/H2AX/HMGA2/HNRNPA1/HNRNPU/HSF1/HSP90AA1/ING5/INO80C/INO80E/KAT7/KCTD13/LIG3/MAP2K7/MBTD1/MCM2/MCM4/MCM6/MEAF6/MLH1/MORF4L1/MRGBP/MRNIP/NABP2/NAT10/NSMCE2/NSMCE3/NSMCE4A/OGG1/PARN/PARP1/PARP3/PAXIP1/PCNA/PIAS4/PKIB/PML/PMS2/POLG2/POLH/PPP1R10/PPP4R2/PRDM9/PRKDC/PTGES3/RAD51AP1/RECQL5/RFC3/RNF126/RTEL1/SENP2/SENP3/SETMAR/SHLD2/SIRT6/SIRT7/SLX4/SMARCA4/SMARCA5/SMARCB1/SMARCC1/SMARCD3/SMC5/SMC6/SMCHD1/SMG6/SPIRE2/SUPT3H/TADA2B/TAF12/TAF4/TAF6/TAF7/TEX15/TFDP1/TFRC/TIGAR/TNKS2/TRIM28/TWIST1/UBE2V1/UIMC1/UPF1/USP1/USP37/WAPL/WRNIP1/XRCC1/YEATS4/YLPM1/YY1/ZCWPW1",136
"GO:0022613","ribonucleoprotein complex biogenesis","135/3301","496/18860",0.272177419354839,1.55506395911307,5.77020811584117,3.33203872154101e-08,1.01843763523901e-05,8.99299713898017e-06,"AATF/ADAR/AFG2B/AGO1/AGO2/ATM/BOP1/BYSL/C1QBP/CDKN2A/CELF4/CHD7/DDX10/DDX39B/DDX3X/DDX42/DDX51/DDX52/DHX9/DICER1/DKC1/EIF2A/EIF2D/EIF2S2/EIF2S3/EIF3A/EIF3B/EIF3K/EIF4H/EIF5B/ERCC2/ESF1/EXOSC1/EXOSC2/EXOSC5/EXOSC8/FASTKD2/FBL/FTSJ3/GEMIN2/GEMIN4/GTF2H5/GTF3A/HEATR1/HEATR3/HSP90AA1/HTATSF1/KRI1/LSM2/LSM4/LTO1/LUC7L/LYAR/MAK16/MPHOSPH10/MPHOSPH6/MTERF4/MTG1/MYBBP1A/MYG1/NAT10/NOA1/NOB1/NOL7/NOLC1/NOP56/NPM1/POP4/POP7/PPAN/PRKDC/PRPF6/PTBP2/PTGES3/PWP1/PWP2/RAN/RBFA/RBMX2/RIOK2/RNU6ATAC/RPL10L/RPL13A/RPL26L1/RPL5/RPLP0/RPP38/RPP40/RPS15/RPS16/RPS23/RPS5/RPS9/RPSA2/RPUSD1/RRP1/RRP1B/RRP7A/RRP7BP/RRP9/RSRP1/SART1/SCAF11/SF1/SF3A2/SF3B1/SIRT7/SNRPD2/SRPK1/SRPK2/SRSF1/SRSF10/SRSF12/SRSF5/SRSF6/SRSF9/STRAP/TAF12-DT/TFB1M/TSR3/TSSC4/TXNL4A/U2AF2/URB2/USP36/USP39/UTP18/UTP20/UTP4/WDR12/WDR18/WDR43/YTHDC1/YTHDF2/ZRSR2",135
"GO:0007051","spindle organization","69/3301","209/18860",0.330143540669856,1.88624876614162,5.93429289350416,3.68397075974304e-08,1.06465811073143e-05,9.40113268845649e-06,"ABRAXAS1/AFG2B/ARHGEF10/AURKA/BCCIP/CCNB1/CEP120/CEP192/CEP63/CEP72/CHD3/CHMP1A/CHMP2A/CHMP2B/CHMP3/CHMP5/CHMP7/CLASP1/DCTN1/DYNC1H1/EFHC1/EML1/FBXO5/FSD1/GNAI1/GPSM2/HAUS3/HAUS6/HNRNPU/INTS13/KASH5/KIF11/KIF2A/MAPRE2/MAPRE3/MLH1/MYBL2/NEK6/NTMT1/NUMA1/NUP62/PARP3/PCNT/PKD1/PLK3/POC1A/PTPA/RAE1/RAN/RCC1/RHOA/RMDN1/RNF4/SKA1/SKA3/SPAST/SPICE1/STAG1/STAG2/TACC1/TPPP/TUBB/TUBB8/TUBG1/TUBG2/TUBGCP3/TUBGCP4/UHRF1/VPS4B",69
"GO:0045814","negative regulation of gene expression, epigenetic","66/3301","197/18860",0.33502538071066,1.91414076952531,5.94082439756673,3.83158489057607e-08,1.06465811073143e-05,9.40113268845649e-06,"BAP1/BEND3/CBX1/CBX5/CDKN2B-AS1/CTR9/DNMT1/DYRK1A/EED/EHMT1/EHMT2/EPC1/EZH1/EZH2/H1-2/H2AC11/H2AC12/H2AC13/H2AC15/H2AC17/H2AC18/H2AC19/H2AC20/H2AC25/H2AC6/H2AC8/H2AX/HDAC4/HDAC5/HMGA2/HNRNPK/HNRNPU/ING2/JARID2/L3MBTL1/LHX2/MAEL/MBD1/MBD3/MCRIP1/MECP2/MIS18A/MORC1/MOV10L1/PARTICL/PCGF3/PCID2/PPM1D/SIRT6/SIRT7/SMARCA4/SMARCA5/SMCHD1/SPEN/SPIN1/SPTY2D1/SUV39H2/TASOR2/TDRD5/TEX15/TRIM28/TRIM37/UHRF1/UHRF2/YTHDC1/ZNF445",66
"GO:0006368","transcription elongation by RNA polymerase II","48/3301","129/18860",0.372093023255814,2.12592378630859,5.91036931992266,7.45959602371696e-08,1.928497369875e-05,1.70289968965517e-05,"ARMC5/BRD4/CCNK/CCNT2/CDC73/CTR9/EAPP/ELOB/ELOF1/ERCC6/EZH2/GTF2F1/GTF2F2/HNRNPU/INTS11/INTS13/INTS2/INTS3/INTS7/IWS1/LARP7/LDB1/MED11/MED15/MED18/MED20/MED25/MED26/MED28/MED4/NELFA/NELFB/NELFCD/NELFE/PARP1/PCID2/POLR2I/PPP1R10/PPP2CA/RBX1/RECQL5/RTF1/SIRT6/SUPT4H1/SUPT5H/TCEA2/VHL/WDR43",48
"GO:0006310","DNA recombination","103/3301","358/18860",0.287709497206704,1.64380524608253,5.66471335004354,7.57139487600195e-08,1.928497369875e-05,1.70289968965517e-05,"ACTB/ACTR8/ANKRD31/AP5S1/APEX2/APLF/ATM/BCL11B/BRME1/C1QBP/CDC45/CDC7/CHD4/CTBP1-DT/DCAF1/DYRK1A/ENDOG/EPC1/EPC2/ERCC2/ERCC4/ERCC6/FAN1/FIGNL1/FUS/GEN1/H1-2/H2AX/HSPD1/HTATSF1/INO80C/INO80E/INTS3/KASH5/KIN/LEF1/LIG3/LIG4/MAJIN/MBTD1/MCM2/MCM4/MCM6/MCMDC2/MEAF6/MLH1/MLH3/MMS22L/MORF4L1/MRGBP/MRNIP/MSH4/MSH5/NABP2/NFKBIZ/NHEJ1/NSMCE2/NSMCE3/NSMCE4A/PALB2/PARP1/PARP3/PAXIP1/PIAS1/PIAS4/PMS2/POLN/PPP4R2/PRDM9/PRKDC/RAD21/RAD51AP1/RAD54B/RBBP8/RECQL4/RECQL5/REV3L/RMI1/RNF126/RNF212/RPA1/RTEL1/SAMHD1/SANBR/SENP3/SFR1/SHLD2/SIRT6/SLX4/SMC5/SMC6/SMCHD1/SPO11/TEX15/TFRC/TOP6BL/UHRF1/XRCC1/XRCC2/YEATS4/YY1/ZCWPW1/ZGRF1",103
"GO:0000375","RNA splicing, via transesterification reactions","100/3301","348/18860",0.28735632183908,1.64178740681159,5.56602809680631,1.24497304791412e-07,3.0442080967596e-05,2.68809338513836e-05,"C1QBP/CDC5L/CELF4/CIRBP/DAZAP1/DDX39A/DDX39B/DDX42/DHX15/DHX8/DHX9/DYRK1A/ESS2/FMR1/GEMIN2/GEMIN4/GPATCH8/HNRNPA1/HNRNPA3/HNRNPF/HNRNPH1/HNRNPH3/HNRNPK/HNRNPL/HNRNPM/HNRNPR/HNRNPU/HTATSF1/ILF3/KHDRBS1/KHDRBS3/KHSRP/LARP7/LSM1/LSM2/LSM4/LSM7/LSM8/LUC7L/MPHOSPH10/NCL/NOVA1/NPM1/PABPC1/PAXBP1/PLRG1/PRPF40A/PRPF6/PTBP1/PTBP2/QKI/RBFOX1/RBM14/RBM17/RBM19/RBM23/RBM42/RBMX2/RNPS1/RNU6ATAC/RSRP1/SAP18/SART1/SCAF11/SF1/SF3A2/SF3B1/SNRNP25/SNRNP70/SNRPD2/SNRPN/SNW1/SRPK1/SRPK2/SRRM2/SRSF1/SRSF10/SRSF12/SRSF2/SRSF5/SRSF6/SRSF9/STRAP/SYNCRIP/TAF12-DT/TIA1/TRA2A/TSSC4/TXNL4A/TXNL4B/U2AF1L4/U2AF2/UBL5/UPF1/USP39/YJU2B/YTHDC1/ZC3H14/ZMAT2/ZRSR2",100
"GO:0000956","nuclear-transcribed mRNA catabolic process","47/3301","128/18860",0.3671875,2.09789647076643,5.74070924506178,1.61498327885883e-07,3.79707414756308e-05,3.35288836193849e-05,"AGO1/AGO2/ATM/CAPRIN1/CNOT1/CNOT4/CNOT6L/CNOT8/CNOT9/CTIF/DHX34/DHX9/EIF4ENIF1/EXOSC2/EXOSC5/EXOSC8/FMR1/GSPT1/HBS1L/HNRNPAB/HNRNPU/LSM1/LSM4/LSM7/MLH1/PABPC1/PAN2/PAN3/PARN/PATL1/PNRC1/POLR2G/RNPS1/SKIC2/SKIC3/SMG6/SMG7/SMG9/SYNCRIP/TENT2/TENT4A/TNRC6B/TNRC6C/UPF1/UPF2/YBX1/ZFP36L1",47
"GO:0033119","negative regulation of RNA splicing","17/3301","27/18860",0.62962962962963,3.59733862914717,6.22073864578952,1.84225652571685e-07,4.17100523766929e-05,3.6830765941037e-05,"C1QBP/CELF4/DYRK1A/HNRNPK/NPM1/PTBP1/PTBP2/PTBP3/RBM42/RNPS1/SAP18/SRSF10/SRSF12/SRSF6/SRSF9/TMBIM6/U2AF2",17
"GO:0140014","mitotic nuclear division","84/3301","281/18860",0.298932384341637,1.70792631586891,5.50707893389903,2.00023423014296e-07,4.32884463330684e-05,3.82245176880978e-05,"ABRAXAS1/AKAP8/ANAPC11/ANAPC7/ANLN/APC/ARHGEF10/ATM/AURKA/BCCIP/BMP7/BROX/BUB3/CCDC86/CCNB1/CDC14A/CDC14B/CDC25C/CDC42/CDK1/CDT1/CENPF/CEP192/CHMP1A/CHMP2A/CHMP2B/CHMP3/CHMP5/CHMP7/CLASP1/DAPK3/DMRT1/EML4/FBXO5/FBXW5/GEN1/HASPIN/HNRNPU/IGF2/KIF11/KIF2A/KLHL22/KNL1/L3MBTL1/MAD1L1/MAD2L1/MIS12/MYBL2/NCAPD3/NCAPH/NDEL1/NEUROG1/NFIB/NSMCE2/NUMA1/NUP62/PKMYT1/PPP2R2D/RAD21/RAN/RANBP1/RCC1/RHOA/RMDN1/SEH1L/SKA1/SKA3/SMARCA5/SMC4/SPAST/SPC24/SPDL1/SPICE1/STAG1/STAG2/TENT4A/TUBG1/TUBG2/UBE2I/UBE2S/UHRF1/VPS4B/WAPL/ZWINT",84
"GO:0140694","membraneless organelle assembly","121/3301","446/18860",0.271300448430493,1.55005345574041,5.41488838952736,2.05359879545065e-07,4.32884463330684e-05,3.82245176880978e-05,"ABRAXAS1/ACTA1/ACTG1/AGO2/AKAP13/ALKBH5/ANLN/ARHGEF10/ARHGEF5/ATXN2/ATXN2L/AURKA/BCCIP/BOP1/C1QBP/C2CD3/CAPRIN1/CDS2/CENPA/CENPF/CENPT/CEP120/CEP192/CEP295/CEP44/CEP63/CEP72/CHMP1A/CHMP2A/CHMP2B/CHMP3/CHMP5/CHMP7/CIRBP/CLASP1/CNOT1/CNOT6L/CNTROB/DAZAP2/DDX3X/DEUP1/DYNC1H1/EIF2A/EIF2S1/EIF4ENIF1/EIF5B/FASTKD2/FBXO5/FITM2/FMR1/FUS/G3BP2/GPSM2/HAUS3/HAUS6/HDAC7/HNRNPU/HSF1/KASH5/KIF11/KIF2A/LCP1/LIAT1/LSM14B/LSM4/MAPRE2/MAPRE3/MAPT/MDM1/MEF2A/MIS12/MLH1/MTERF4/MTG1/MYBL2/NEK6/NOA1/NPM1/NUMA1/NUP62/PAN2/PAN3/PATL1/PLK4/PLS1/PRKDC/PSPC1/PUM2/PWP2/QKI/RBM14/RCC1/RHOA/RNF4/RPL10L/RPL5/RPS15/RPS23/RPSA2/RRP7A/RRP7BP/SIX4/SKA1/SKA3/SMAD4/SPICE1/STAG1/STAG2/TIA1/TMOD3/TRIM37/TUBB/TUBB8/TUBGCP3/TUBGCP4/UHRF1/USP10/VPS4B/WNK3/YTHDF1/YTHDF2",121
"GO:0051321","meiotic cell cycle","88/3301","299/18860",0.294314381270903,1.68154172395311,5.47165377717679,2.22338575083062e-07,4.46875063416077e-05,3.94599141639068e-05,"ANAPC1/ANAPC10/ANAPC11/ANAPC13/ANAPC2/ANAPC7/ANKRD31/ASZ1/ATM/AURKA/BAG6/BRME1/BUB3/CCNE2/CDC25B/CDC25C/CHFR/CKS2/DMRT1/EHMT2/ERCC4/FAM9A/FANCA/FBXO5/FIGNL1/FZR1/H2AX/HORMAD1/HSF1/ING2/KASH5/KCTD19/KNL1/LSM14B/M1AP/MAEL/MAJIN/MCMDC2/MEI1/MEIOSIN/MLH1/MLH3/MOV10L1/MSH4/MSH5/NCAPD3/NCAPH/NSUN2/NUMA1/PKMYT1/PPP2CA/PRDM9/PSMA8/RAB24/RAD21/RAD51AP1/RAD54B/RBBP8/RMI1/RNF212/RPA1/RPL10L/SIRT7/SKA1/SKA3/SLC25A31/SLX4/SMC4/SPATA22/SPIN1/SPIRE2/SPO11/STAG2/STAG3/SYCE1/TEX15/TOP6BL/TUBB8/TUBG1/TUBG2/TUBGCP3/TUBGCP4/UBB/XRCC2/YTHDF2/ZCWPW1/ZNF541/ZWINT",88
"GO:0007052","mitotic spindle organization","49/3301","137/18860",0.357664233576642,2.04348604824462,5.64612467408459,2.26617486764246e-07,4.46875063416077e-05,3.94599141639068e-05,"ABRAXAS1/AFG2B/ARHGEF10/AURKA/BCCIP/CCNB1/CEP192/CHMP1A/CHMP2A/CHMP2B/CHMP3/CHMP5/CHMP7/CLASP1/DCTN1/DYNC1H1/EFHC1/EML1/FSD1/GNAI1/GPSM2/HNRNPU/INTS13/KIF11/KIF2A/MYBL2/NEK6/NUMA1/NUP62/PARP3/PCNT/PKD1/PLK3/POC1A/PTPA/RAE1/RAN/RCC1/RHOA/RMDN1/SPAST/SPICE1/STAG1/STAG2/TACC1/TUBG1/TUBG2/UHRF1/VPS4B",49
"GO:1902850","microtubule cytoskeleton organization involved in mitosis","57/3301","170/18860",0.335294117647059,1.91567617655969,5.52399118883119,3.06342213059686e-07,5.85209358885582e-05,5.16750943608576e-05,"ABRAXAS1/AFG2B/ARHGEF10/AURKA/BCCIP/CCNB1/CDK1/CENPA/CEP192/CHMP1A/CHMP2A/CHMP2B/CHMP3/CHMP5/CHMP7/CLASP1/DCTN1/DYNC1H1/DYNLT1/EFHC1/EML1/FSD1/GNAI1/GPSM2/HNRNPU/INTS13/KIF11/KIF2A/MAD2L1/MYBL2/NDEL1/NEK6/NUMA1/NUP62/PAFAH1B1/PARP3/PAX6/PCNT/PKD1/PLK3/POC1A/PTPA/RAE1/RAN/RCC1/RHOA/RMDN1/SPAST/SPDL1/SPICE1/STAG1/STAG2/TACC1/TUBG1/TUBG2/UHRF1/VPS4B",57
"GO:0032784","regulation of DNA-templated transcription elongation","40/3301","104/18860",0.384615384615385,2.19746929834782,5.64029990838968,3.21647672005479e-07,5.9582794514227e-05,5.26127356313906e-05,"BRD4/CCNK/CCNT2/CDC73/EAPP/ERCC6/EZH2/GTF2F1/HMGN1/HNRNPU/INTS11/INTS13/INTS2/INTS3/INTS7/KAT7/LARP7/LDB1/MED11/MED15/MED18/MED20/MED25/MED26/MED28/MED4/NELFA/NELFB/NELFCD/NELFE/PARP1/PPP1R10/RECQL5/SETD5/SIRT6/SUPT4H1/SUPT5H/TCEA2/VHL/WDR43",40
"GO:0000075","cell cycle checkpoint signaling","61/3301","187/18860",0.32620320855615,1.86373599314419,5.46746516071785,3.56464135035724e-07,6.409015463157e-05,5.65928199524208e-05,"ABRAXAS1/APC/ATM/BABAM2/BRD4/BRSK1/BUB3/CAMSAP3/CCNB1/CCND1/CDC14B/CDC45/CDC5L/CDC6/CDK1/CDT1/CENPF/CEP63/CHFR/CLOCK/CRY1/DNA2/DTL/ERCC6/FBXO31/FOXO4/FZR1/GEN1/GNB1L/H2AX/HASPIN/HORMAD1/INTS3/INTS7/KLHL22/KNL1/MAD1L1/MAD2L1/MRNIP/NABP2/NAE1/NSUN2/PABIR1/PLK3/PPP1R10/PRKDC/RAD9A/RBBP8/SETMAR/SKA1/SKA3/SPC24/SPDL1/TAOK1/TAOK2/TRIAP1/TRIM39/UIMC1/WAC/ZFYVE19/ZWINT",61
"GO:0032886","regulation of microtubule-based process","82/3301","276/18860",0.297101449275362,1.69746541452085,5.37649036197633,3.69143929127336e-07,6.44736239644402e-05,5.69314306335333e-05,"APC/APC2/AURKA/BBOF1/CAMSAP1/CAMSAP3/CCDC88C/CCNF/CDK11A/CDK11B/CDK2AP2/CDK5R1/CEP120/CEP295/CFAP206/CHMP1A/CHMP2A/CHMP2B/CHMP3/CHMP5/CHMP7/CHORDC1/CKAP2/CLASP1/CLIP3/DCTN1/DIXDC1/DNAAF1/DYNC1H1/DYNLT2B/DYRK1A/EML2/FBXW5/FEZ1/FKBP4/FNTB/FSD1/GBA2/GEN1/GNAI1/GPSM2/HAUS3/HAUS6/HDGFL3/HNRNPU/MAPRE2/MAPRE3/MAPT/MDM1/MECP2/NAT10/NPM1/NUBP1/NUMA1/NUP62/ODAD2/PAFAH1B1/PARP3/PDCD6IP/PKD1/PLK4/POC1A/PPP2CA/RAC1/RAE1/RBM14/RCC1/RHOA/RNF4/ROCK1/SKA1/SKA3/SPAST/SPECC1L/SPICE1/TAOK1/TPPP/TRAF3IP1/TRIM37/TTBK2/TTLL6/VPS4B",82
"GO:0043484","regulation of RNA splicing","62/3301","192/18860",0.322916666666667,1.84495859840452,5.42036334868885,4.27496489721525e-07,7.11424586526681e-05,6.28201379236454e-05,"AKAP17A/ATXN7L3/C1QBP/CDK11A/CDK11B/CELF4/CIRBP/CLK1/DAZAP1/DYRK1A/FMR1/FUS/HNRNPA1/HNRNPF/HNRNPH1/HNRNPH2/HNRNPH3/HNRNPK/HNRNPL/HNRNPU/KHDRBS1/KHDRBS3/LARP7/MBNL1/NCL/NOVA1/NPM1/PTBP1/PTBP2/PTBP3/QKI/RBFOX1/RBM12/RBM12B/RBM14/RBM19/RBM23/RBM42/RNPS1/RRP1B/SAP18/SNRNP70/SNW1/SRPK1/SRPK2/SRSF1/SRSF10/SRSF12/SRSF2/SRSF5/SRSF6/SRSF9/SUPT3H/TADA2B/TAF12/TIA1/TMBIM6/TRA2A/U2AF2/UPF1/YTHDC1/ZNF638",62
"GO:0006260","DNA replication","85/3301","290/18860",0.293103448275862,1.67462315494782,5.33268023088978,4.30602154449324e-07,7.11424586526681e-05,6.28201379236454e-05,"ACTR8/ADRA2A/ASCC1/ATM/BOD1L1/CAMSAP3/CCNE2/CDC34/CDC45/CDC6/CDC7/CDK1/CDT1/CHRAC1/CHTF18/CHTF8/DDX11/DHX9/DNA2/DNAJA3/DTL/DYNLL1/EHMT2/ENDOG/ESCO1/FBXO5/FZR1/GEN1/GMNN/ING5/INO80C/INO80E/KAT7/KCTD13/KIN/LIG3/LRWD1/MCM2/MCM4/MCM6/MEAF6/MMS22L/NFIB/NFIC/NFIX/ORC6/PARP1/PCNA/POLA1/POLA2/POLD3/POLE/POLG2/POLH/POLN/POLRMT/PRIM1/PRKDC/RBBP7/RBBP8/RECQL4/RECQL5/REV1/REV3L/RFC3/RMI1/RNF126/RPA1/RTEL1/SAMHD1/SENP2/SET/SETMAR/SLX4/SMARCA5/TOP1/TOP1MT/TWNK/UPF1/USP37/WAPL/WDHD1/WDR18/WRNIP1/YY1",85
"GO:0070507","regulation of microtubule cytoskeleton organization","56/3301","168/18860",0.333333333333333,1.90447339190144,5.42392657652801,4.81386840072435e-07,7.62204750085797e-05,6.73041225075115e-05,"APC/APC2/BBOF1/CAMSAP1/CAMSAP3/CCDC88C/CDK2AP2/CDK5R1/CHMP1A/CHMP2A/CHMP2B/CHMP3/CHMP5/CHMP7/CKAP2/CLASP1/CLIP3/DCTN1/DIXDC1/DYNC1H1/DYRK1A/EML2/FKBP4/FSD1/GBA2/GNAI1/GPSM2/HAUS3/HAUS6/HDGFL3/HNRNPU/MAPRE2/MAPRE3/MAPT/MECP2/NUMA1/NUP62/PAFAH1B1/PARP3/PKD1/PPP2CA/RAC1/RAE1/RCC1/RHOA/RNF4/ROCK1/SKA1/SKA3/SPAST/SPECC1L/TAOK1/TPPP/TRAF3IP1/TTBK2/VPS4B",56
"GO:0000377","RNA splicing, via transesterification reactions with bulged adenosine as nucleophile","97/3301","344/18860",0.281976744186047,1.61105161931198,5.26835202848749,4.98743497520561e-07,7.62204750085797e-05,6.73041225075115e-05,"C1QBP/CDC5L/CELF4/CIRBP/DAZAP1/DDX39A/DDX39B/DDX42/DHX15/DHX8/DHX9/DYRK1A/ESS2/FMR1/GEMIN2/GEMIN4/GPATCH8/HNRNPA1/HNRNPA3/HNRNPF/HNRNPH1/HNRNPH3/HNRNPK/HNRNPL/HNRNPM/HNRNPR/HNRNPU/HTATSF1/ILF3/KHDRBS1/KHDRBS3/LARP7/LSM2/LSM4/LSM7/LSM8/LUC7L/NCL/NOVA1/NPM1/PABPC1/PAXBP1/PLRG1/PRPF40A/PRPF6/PTBP1/PTBP2/QKI/RBFOX1/RBM14/RBM17/RBM19/RBM23/RBM42/RBMX2/RNPS1/RNU6ATAC/RSRP1/SAP18/SART1/SCAF11/SF1/SF3A2/SF3B1/SNRNP25/SNRNP70/SNRPD2/SNRPN/SNW1/SRPK1/SRPK2/SRRM2/SRSF1/SRSF10/SRSF12/SRSF2/SRSF5/SRSF6/SRSF9/STRAP/SYNCRIP/TAF12-DT/TIA1/TRA2A/TSSC4/TXNL4A/TXNL4B/U2AF1L4/U2AF2/UBL5/UPF1/USP39/YJU2B/YTHDC1/ZC3H14/ZMAT2/ZRSR2",97
"GO:0000398","mRNA splicing, via spliceosome","97/3301","344/18860",0.281976744186047,1.61105161931198,5.26835202848749,4.98743497520561e-07,7.62204750085797e-05,6.73041225075115e-05,"C1QBP/CDC5L/CELF4/CIRBP/DAZAP1/DDX39A/DDX39B/DDX42/DHX15/DHX8/DHX9/DYRK1A/ESS2/FMR1/GEMIN2/GEMIN4/GPATCH8/HNRNPA1/HNRNPA3/HNRNPF/HNRNPH1/HNRNPH3/HNRNPK/HNRNPL/HNRNPM/HNRNPR/HNRNPU/HTATSF1/ILF3/KHDRBS1/KHDRBS3/LARP7/LSM2/LSM4/LSM7/LSM8/LUC7L/NCL/NOVA1/NPM1/PABPC1/PAXBP1/PLRG1/PRPF40A/PRPF6/PTBP1/PTBP2/QKI/RBFOX1/RBM14/RBM17/RBM19/RBM23/RBM42/RBMX2/RNPS1/RNU6ATAC/RSRP1/SAP18/SART1/SCAF11/SF1/SF3A2/SF3B1/SNRNP25/SNRNP70/SNRPD2/SNRPN/SNW1/SRPK1/SRPK2/SRRM2/SRSF1/SRSF10/SRSF12/SRSF2/SRSF5/SRSF6/SRSF9/STRAP/SYNCRIP/TAF12-DT/TIA1/TRA2A/TSSC4/TXNL4A/TXNL4B/U2AF1L4/U2AF2/UBL5/UPF1/USP39/YJU2B/YTHDC1/ZC3H14/ZMAT2/ZRSR2",97
"GO:0051298","centrosome duplication","33/3301","80/18860",0.4125,2.35678582247804,5.60144077414367,5.21869925870646e-07,7.78095330938356e-05,6.87072908822766e-05,"ARHGEF10/BRSK1/C2CD3/CCNF/CEP120/CEP192/CEP295/CEP44/CEP63/CEP72/CHMP1A/CHMP2A/CHMP2B/CHMP3/CHMP5/CHORDC1/CNTROB/DEUP1/FBXW5/GEN1/MDM1/NAT10/NPM1/NUBP1/NUP62/PDCD6IP/PKD2/PLK4/POC1A/RBM14/SPICE1/TRIM37/VPS4B",33
"GO:0010948","negative regulation of cell cycle process","91/3301","318/18860",0.286163522012579,1.63497244021728,5.25994738089778,5.52414803104578e-07,7.80493479229752e-05,6.8919051916798e-05,"ABRAXAS1/APBB2/APC/ATM/BABAM2/BMP7/BRD4/BRSK1/BUB3/CACNB4/CAMSAP3/CCNB1/CCND1/CCNF/CDC14B/CDC45/CDC5L/CDC6/CDC73/CDK1/CDK2AP2/CDT1/CENPF/CEP63/CHFR/CHMP2A/CLOCK/CRY1/DACT1/DMRT1/DNA2/DTL/ERCC6/EZH2/FBXO31/FBXO5/FBXO7/FHL1/FOXO4/FZR1/GEN1/GNB1L/H2AX/HASPIN/HORMAD1/INHBA/INTS3/INTS7/KANK2/KLHL22/KNL1/MAD1L1/MAD2L1/MDM1/MRNIP/NABP2/NAE1/NPM1/NSUN2/NUBP1/PABIR1/PKD2/PKMYT1/PLK3/PPP1R10/PRKDC/PRMT2/RAD21/RAD9A/RBBP8/RBL2/RBM14/SETMAR/SKA1/SKA3/SMARCA5/SPC24/SPDL1/TAOK1/TAOK2/TPRA1/TRIAP1/TRIM37/TRIM39/UIMC1/WAC/WAPL/ZFP36L1/ZFYVE19/ZNHIT1/ZWINT",91
"GO:0051054","positive regulation of DNA metabolic process","83/3301","283/18860",0.293286219081272,1.67566740135498,5.27508722782289,5.69346915896927e-07,7.80493479229752e-05,6.8919051916798e-05,"ABRAXAS1/ACD/ACTB/ACTR8/AKT1/ANKRD31/ARID1B/ATM/BABAM2/BCL7A/BCL7B/CCT3/CCT5/CDC7/CDK1/CDT1/CHTF18/CHTF8/DDX11/DHX9/DKC1/DNA2/DPF2/ENDOG/EPC1/EPC2/ERCC2/ERCC6/FUS/H2AX/HNRNPA1/HSF1/HSP90AA1/INO80C/INO80E/KAT7/KCTD13/MAP2K7/MBTD1/MEAF6/MLH1/MORF4L1/MRGBP/MRNIP/NABP2/PARN/PARP1/PARP3/PAXIP1/PCNA/PIAS4/PKIB/PML/PMS2/POLG2/PPP1R10/PRDM9/PRKDC/PTGES3/RAD51AP1/RFC3/RNF126/RTEL1/SETMAR/SHLD2/SIRT6/SLX4/SMARCA4/SMARCA5/SMARCB1/SMARCC1/SMARCD3/SMCHD1/SPIRE2/TFRC/TIGAR/TNKS2/TRIM28/UIMC1/USP1/YEATS4/YY1/ZCWPW1",83
"GO:1903046","meiotic cell cycle process","70/3301","227/18860",0.308370044052863,1.76184763127446,5.31901126642395,5.69683424816595e-07,7.80493479229752e-05,6.8919051916798e-05,"ANKRD31/ASZ1/ATM/AURKA/BAG6/BRME1/CCNE2/CDC25B/CDC25C/CHFR/CKS2/DMRT1/EHMT2/ERCC4/FANCA/FBXO5/FIGNL1/FZR1/HORMAD1/HSF1/ING2/KASH5/KCTD19/KNL1/LSM14B/M1AP/MAEL/MAJIN/MCMDC2/MEI1/MEIOSIN/MLH1/MLH3/MOV10L1/MSH4/MSH5/NCAPD3/NCAPH/NSUN2/PKMYT1/PRDM9/PSMA8/RAB24/RAD21/RAD51AP1/RAD54B/RMI1/RNF212/RPL10L/SIRT7/SKA1/SKA3/SLC25A31/SLX4/SMC4/SPATA22/SPIRE2/SPO11/STAG3/SYCE1/TEX15/TOP6BL/TUBB8/TUBG1/TUBG2/UBB/YTHDF2/ZCWPW1/ZNF541/ZWINT",70
"GO:0040029","epigenetic regulation of gene expression","88/3301","305/18860",0.288524590163934,1.64846221462945,5.2589055084645,5.74549428518548e-07,7.80493479229752e-05,6.8919051916798e-05,"ALKBH4/ARID1B/ARID4A/ATAD2/BAP1/BEND3/CBX1/CBX5/CDKN2B-AS1/CTCFL/CTR9/DNMT1/DPY30/DYRK1A/EED/EGR1/EHMT1/EHMT2/EPC1/EZH1/EZH2/GLMN/H1-2/H2AC11/H2AC12/H2AC13/H2AC15/H2AC17/H2AC18/H2AC19/H2AC20/H2AC25/H2AC6/H2AC8/H2AX/H3C12/HDAC4/HDAC5/HDAC7/HMGA2/HNRNPK/HNRNPU/IGF2/ING2/JARID2/KAT7/L3MBTL1/LHX2/MAEL/MBD1/MBD3/MCRIP1/MECP2/MIS18A/MORC1/MOV10L1/NDN/OGG1/PARTICL/PCGF3/PCID2/PPM1D/PRMT3/RBM14/SIRT6/SIRT7/SMARCA4/SMARCA5/SMARCB1/SMCHD1/SPEN/SPIN1/SPTY2D1/STPG4/SUV39H2/TASOR2/TDRD5/TEX15/TRIM28/TRIM37/UHRF1/UHRF2/USP21/WDR5/YTHDC1/ZCWPW1/ZNF445/ZNHIT1",88
"GO:1902749","regulation of cell cycle G2/M phase transition","44/3301","122/18860",0.360655737704918,2.06057776828681,5.41317502337951,7.0566585710921e-07,9.37768561849696e-05,8.2806739479543e-05,"ABRAXAS1/ATM/AURKA/BABAM2/BRD4/BRSK1/CCNB1/CCND1/CCNQ/CDC14B/CDC25B/CDC25C/CDC6/CDC7/CDK1/CDK10/CENPF/CHFR/DTL/FBXO5/FHL1/FOXO4/FZR1/INTS3/KCNH5/MARK3/MRNIP/NABP2/NAE1/NPM1/PABIR1/PAXIP1/PKMYT1/RAD21/RBBP8/RCC2/SMARCD3/TAOK1/TAOK2/TRIM39/UIMC1/VPS4B/WNT10B/ZFYVE19",44
"GO:0016236","macroautophagy","109/3301","403/18860",0.270471464019851,1.54531711948331,5.09697321053761,9.53780781722134e-07,0.000124052381248243,0.000109540601314022,"ABI2/ADRB2/AFG2B/AKT1/ARMC3/ATG16L2/ATG4B/ATG7/ATG9A/ATM/ATP13A2/ATP6V0D1/ATP6V0E2/ATP6V1B2/ATP6V1D/ATP6V1E2/ATP6V1G1/BAG3/BNIP3/BNIP3L/CAPNS1/CDC37/CDK5R1/CHMP1A/CHMP2A/CHMP2B/CHMP3/CHMP5/CHMP7/CSNK2A2/CTSD/DNM1L/EHMT2/EIF2AK1/EIF2S1/ELP6/EMC6/EPHB2/EXOC7/EXOC8/FBXO7/FEZ1/FUNDC1/GAA/HGS/IRGQ/LRBA/LYPLA1/MAP1LC3B/MFSD8/MOAP1/NOD2/NRBP2/OMA1/PACS2/PDCD6IP/PGAM5/PHF23/PINK1/PRKN/RAB1B/RAB33A/RAB33B/RAB3GAP2/RBX1/RETREG1/RETREG2/RETREG3/RIPK2/RNF41/RNF5/RUBCN/SLC25A4/SMURF1/SNX14/SNX32/SNX4/SNX6/SPART/SPATA33/SREBF1/SREBF2/STUB1/STX12/STX17/SUPT5H/TBC1D12/TBC1D25/TBC1D5/TBK1/TEX264/TIGAR/TOMM7/TRIM32/UBQLN1/ULK3/USP36/VPS13C/VPS26B/VPS28/VPS35/VPS37C/VPS4B/VTA1/VTI1B/WAC/WDR45B/WIPI2/ZNRF1",109
"GO:0000070","mitotic sister chromatid segregation","61/3301","192/18860",0.317708333333333,1.81520120165606,5.22947127067188,9.80592965808122e-07,0.000124882599999689,0.000110273700190001,"ABRAXAS1/AKAP8/ANAPC11/ANAPC7/APC/ARHGEF10/ATM/BCCIP/BUB3/CCNB1/CDK1/CDT1/CENPF/CEP192/CHMP1A/CHMP2A/CHMP2B/CHMP3/CHMP5/CHMP7/CLASP1/EML4/FBXO5/GEN1/HASPIN/HNRNPU/KIF11/KIF2A/KLHL22/KNL1/MAD1L1/MAD2L1/MIS12/MYBL2/NCAPD3/NCAPH/NSMCE2/NUMA1/NUP62/RAD21/RAN/RCC1/RHOA/RMDN1/SEH1L/SKA1/SKA3/SMARCA5/SMC4/SPC24/SPDL1/SPICE1/STAG1/STAG2/TENT4A/TUBG1/TUBG2/UHRF1/VPS4B/WAPL/ZWINT",61
"GO:0007127","meiosis I","46/3301","132/18860",0.348484848484849,1.9910403642606,5.26288476112941,1.2212682207444e-06,0.000152359441498174,0.000134536271449566,"ANKRD31/ATM/AURKA/BAG6/BRME1/CCNE2/CDC25B/CKS2/DMRT1/EHMT2/ERCC4/FBXO5/HORMAD1/ING2/KASH5/KNL1/M1AP/MAEL/MAJIN/MCMDC2/MEI1/MLH1/MLH3/MOV10L1/MSH4/MSH5/PRDM9/PSMA8/RAD21/RAD51AP1/RAD54B/RMI1/RNF212/RPL10L/SIRT7/SLC25A31/SLX4/SPATA22/SPO11/STAG3/SYCE1/TEX15/TOP6BL/UBB/ZCWPW1/ZWINT",46
"GO:0006282","regulation of DNA repair","71/3301","236/18860",0.300847457627119,1.71886793421613,5.11870244043191,1.31593420742662e-06,0.000160070132753728,0.000141344957813998,"ABRAXAS1/ACTB/ACTR8/ARID1B/ATM/ATXN7L3/BABAM2/BCL7A/BCL7B/C1QBP/DDX11/DEK/DHX9/DPF2/EPC1/EPC2/ERCC6/FIGNL1/FUS/H2AX/HMGA2/HSF1/INO80C/INO80E/KAT7/MBTD1/MEAF6/MORF4L1/MRGBP/MRNIP/OGG1/PARP1/PARP3/PCNA/PIAS4/PML/POLH/PPP4R2/PRKDC/RAD51AP1/RECQL5/RNF126/RTEL1/SENP3/SETMAR/SHLD2/SIRT6/SIRT7/SMARCA4/SMARCB1/SMARCC1/SMARCD3/SMCHD1/SPIRE2/SUPT3H/TADA2B/TAF12/TAF4/TAF6/TAF7/TEX15/TIGAR/TRIM28/TWIST1/UBE2V1/UIMC1/USP1/XRCC1/YEATS4/YY1/ZCWPW1",71
"GO:0010389","regulation of G2/M transition of mitotic cell cycle","40/3301","109/18860",0.36697247706422,2.09666795438691,5.28892535011385,1.33544524299692e-06,0.000160070132753728,0.000141344957813998,"ABRAXAS1/ATM/AURKA/BABAM2/BRD4/BRSK1/CCNB1/CCND1/CDC14B/CDC25B/CDC25C/CDC6/CDC7/CDK1/CENPF/CHFR/DTL/FBXO5/FHL1/FOXO4/FZR1/INTS3/KCNH5/MARK3/MRNIP/NABP2/NAE1/PABIR1/PKMYT1/RAD21/RBBP8/RCC2/SMARCD3/TAOK1/TAOK2/TRIM39/UIMC1/VPS4B/WNT10B/ZFYVE19",40
"GO:0034243","regulation of transcription elongation by RNA polymerase II","36/3301","94/18860",0.382978723404255,2.18811836516336,5.31898826059876,1.38412927618754e-06,0.000162715043564124,0.00014368046413542,"BRD4/CCNK/CCNT2/CDC73/EAPP/ERCC6/EZH2/GTF2F1/HNRNPU/INTS11/INTS13/INTS2/INTS3/INTS7/LARP7/LDB1/MED11/MED15/MED18/MED20/MED25/MED26/MED28/MED4/NELFA/NELFB/NELFCD/NELFE/PARP1/PPP1R10/RECQL5/SIRT6/SUPT4H1/SUPT5H/VHL/WDR43",36
"GO:0044839","cell cycle G2/M phase transition","53/3301","162/18860",0.327160493827161,1.86920536612549,5.11768534631475,1.83618945783867e-06,0.000206523482796055,0.000182364145398188,"ABRAXAS1/AKAP8/ATM/AURKA/BABAM2/BRD4/BRSK1/CALM3/CCNB1/CCND1/CCNQ/CDC14B/CDC25B/CDC25C/CDC6/CDC7/CDK1/CDK10/CENPF/CHFR/DNM2/DTL/FBXL15/FBXO5/FHL1/FOXO4/FZR1/INTS3/KCNH5/KDM8/KHDRBS1/MARK3/MRNIP/NABP2/NAE1/NPM1/PABIR1/PAXIP1/PKMYT1/PLK3/PPM1D/PPME1/RAD21/RBBP8/RCC2/SMARCD3/TAOK1/TAOK2/TRIM39/UIMC1/VPS4B/WNT10B/ZFYVE19",53
"GO:0045786","negative regulation of cell cycle","107/3301","399/18860",0.268170426065163,1.53217032280793,4.94880954827787,1.84419910966866e-06,0.000206523482796055,0.000182364145398188,"ABRAXAS1/APBB2/APC/ATM/BABAM2/BMP2/BMP7/BRD4/BRSK1/BUB3/CACNB4/CAMSAP3/CCNB1/CCND1/CCNF/CDC14B/CDC45/CDC5L/CDC6/CDC73/CDK1/CDK2AP2/CDKN2A/CDT1/CENPF/CEP63/CHFR/CHMP2A/CLOCK/CRY1/DACT1/DMRT1/DNA2/DTL/ERCC6/EZH2/FBXO31/FBXO5/FBXO7/FHL1/FOXC1/FOXO4/FZD3/FZR1/GEN1/GMNN/GNB1L/H2AX/HASPIN/HORMAD1/HOXD10/HPGD/INCA1/INHBA/INTS3/INTS7/IPO5/KANK2/KLHL22/KNL1/MAD1L1/MAD2L1/MDM1/MRNIP/NABP2/NAE1/NPM1/NSUN2/NUBP1/PABIR1/PKD2/PKMYT1/PLK3/PML/PPP1R10/PRKDC/PRMT2/RAD21/RAD9A/RBBP8/RBL2/RBM14/RNF167/SETMAR/SKA1/SKA3/SMARCA5/SPC24/SPDL1/TAF6/TAOK1/TAOK2/THAP5/TP53BP2/TP53I13/TPRA1/TRIAP1/TRIM37/TRIM39/UIMC1/WAC/WAPL/ZBTB17/ZFP36L1/ZFYVE19/ZNHIT1/ZWINT",107
"GO:0046605","regulation of centrosome cycle","26/3301","59/18860",0.440677966101695,2.51777838251377,5.3781776809042,1.85813701190627e-06,0.000206523482796055,0.000182364145398188,"AURKA/CCNF/CDK11A/CDK11B/CEP120/CEP295/CHMP1A/CHMP2A/CHMP2B/CHMP3/CHMP5/CHORDC1/FBXW5/GEN1/MDM1/NAT10/NPM1/NUBP1/NUP62/PDCD6IP/PLK4/POC1A/RBM14/SPICE1/TRIM37/VPS4B",26
"GO:0048025","negative regulation of mRNA splicing, via spliceosome","14/3301","22/18860",0.636363636363636,3.63581283908457,5.69770244790822,1.91917994511043e-06,0.000209499053651072,0.000184991630799366,"C1QBP/CELF4/DYRK1A/HNRNPK/NPM1/PTBP1/RBM42/RNPS1/SAP18/SRSF10/SRSF12/SRSF6/SRSF9/U2AF2",14
"GO:0061982","meiosis I cell cycle process","48/3301","142/18860",0.338028169014085,1.93129696080146,5.13090399298172,1.96430898133113e-06,0.000210663522857495,0.000186019879155421,"ANKRD31/ATM/AURKA/BAG6/BRME1/CCNE2/CDC25B/CDC25C/CKS2/DMRT1/EHMT2/ERCC4/FBXO5/HORMAD1/ING2/KASH5/KNL1/M1AP/MAEL/MAJIN/MCMDC2/MEI1/MLH1/MLH3/MOV10L1/MSH4/MSH5/PKMYT1/PRDM9/PSMA8/RAD21/RAD51AP1/RAD54B/RMI1/RNF212/RPL10L/SIRT7/SLC25A31/SLX4/SPATA22/SPO11/STAG3/SYCE1/TEX15/TOP6BL/UBB/ZCWPW1/ZWINT",48
"GO:0010506","regulation of autophagy","102/3301","377/18860",0.270557029177719,1.5458059891826,4.93076145442555,2.07265483001277e-06,0.000218450671997725,0.000192896079279591,"ADRA1A/ADRB2/AKT1/ATM/ATP13A2/ATP6V0D1/ATP6V0E2/ATP6V1B2/ATP6V1D/ATP6V1E2/ATP6V1G1/BAG3/BNIP3/BNIP3L/CAPNS1/CDC37/CDK16/CDK5R1/CISD1/CISD2/CPTP/CSNK2A2/DAPK1/DAPK3/DDIT3/DNM1L/DRAM2/EEF1A2/EHMT2/EIF2AK1/ENDOG/ERCC4/EXOC7/EXOC8/FBXO7/FEZ1/FOXK1/FOXK2/FOXO1/FOXO3/GFAP/GPR137/IL10RA/IRGQ/KLHL22/LYPLA1/MAPT/MFSD8/MIR199A1/MLST8/MOAP1/MTDH/NOD2/NPRL2/NPRL3/NRBP2/OMA1/PHF23/PIK3CB/PINK1/PLK3/PRKN/PSAP/PYCARD/RAB3GAP2/RAB8A/RBX1/RIPK2/RNF152/RNF41/RNF5/ROCK1/RPGR/RRAGD/RUBCN/SLC25A4/SNRNP70/SNX32/SNX4/SNX6/SREBF1/SREBF2/STUB1/SUPT5H/SVIP/TBC1D25/TBK1/TIGAR/TOMM7/TPCN2/TRIM32/TRIM8/UBQLN1/ULK3/USP10/USP36/VHL/VPS13C/VPS26B/VPS35/WAC/XPA",102
"GO:0033045","regulation of sister chromatid segregation","39/3301","107/18860",0.364485981308411,2.08246155936887,5.17202060702176,2.19023998495648e-06,0.00022321441132626,0.000197102551298107,"ACTB/ANAPC1/ANAPC11/ANAPC2/ANAPC7/APC/ARID1B/ATM/BCL7A/BCL7B/BUB3/CCNB1/CDC6/CDK1/CENPF/CHFR/DPF2/FBXO5/GEN1/HASPIN/HNRNPU/KLHL22/KNL1/MAD1L1/MAD2L1/NEK6/NSMCE2/NUMA1/RAD21/RIOK2/SKA1/SKA3/SMARCA4/SMARCB1/SMARCC1/SMARCD3/SPC24/SPDL1/ZWINT",39
"GO:1901988","negative regulation of cell cycle phase transition","79/3301","274/18860",0.288321167883212,1.64729997766658,4.97140516352454,2.19088249297818e-06,0.00022321441132626,0.000197102551298107,"ABRAXAS1/APBB2/APC/ATM/BABAM2/BRD4/BRSK1/BUB3/CACNB4/CAMSAP3/CCNB1/CCND1/CDC14B/CDC45/CDC5L/CDC6/CDC73/CDK1/CDK2AP2/CDT1/CENPF/CEP63/CHFR/CLOCK/CRY1/DACT1/DNA2/DTL/ERCC6/EZH2/FBXO31/FBXO5/FBXO7/FHL1/FOXO4/FZR1/GEN1/GNB1L/H2AX/HASPIN/HORMAD1/INHBA/INTS3/INTS7/KANK2/KLHL22/KNL1/MAD1L1/MAD2L1/MRNIP/NABP2/NAE1/NSUN2/PABIR1/PKD2/PKMYT1/PLK3/PPP1R10/PRKDC/PRMT2/RAD21/RAD9A/RBBP8/RBL2/SETMAR/SKA1/SKA3/SPC24/SPDL1/TAOK1/TAOK2/TPRA1/TRIAP1/TRIM39/UIMC1/WAC/ZFP36L1/ZFYVE19/ZWINT",79
"GO:0016072","rRNA metabolic process","78/3301","270/18860",0.288888888888889,1.65054360631458,4.95917977422783,2.33314655146002e-06,0.000233811883099592,0.000206460319514875,"BOP1/BRF1/BYSL/CDKN2A/CHD7/DDX10/DDX11/DDX51/DDX52/DEDD2/DKC1/ERCC2/ERCC6/ESF1/EXOSC1/EXOSC2/EXOSC5/EXOSC8/FBL/FTSJ3/GEMIN4/GTF2H5/GTF3A/GTF3C1/GTF3C2/HEATR1/KRI1/LYAR/MAK16/MAPT/MPHOSPH10/MPHOSPH6/MTERF4/MYG1/NAT10/NCL/NOB1/NOL7/NOLC1/NOP56/POLR1A/POLR2E/POP4/POP7/PPAN/PRKDC/PWP1/PWP2/RBFA/RIOK2/RPL5/RPP38/RPP40/RPS15/RPS16/RPUSD1/RRP1/RRP1B/RRP7A/RRP7BP/RRP9/SART1/SIRT7/SMARCA4/SMARCB1/SPIN1/TAF1B/TFB1M/TOP1/TSR3/USP36/UTP18/UTP20/UTP4/WDR12/WDR18/WDR43/YTHDF2",78
"GO:0034502","protein localization to chromosome","43/3301","123/18860",0.349593495934959,1.99737453296981,5.11154341769549,2.43719525929215e-06,0.000240299590646015,0.00021218908810951,"ACD/APLF/ATM/BRD2/BRD3/BUB3/CDK1/CENPA/CHMP7/CTCFL/ERCC6/EZH2/H2AC8/H2AX/H2BC11/H4C14/H4C15/HASPIN/HTATSF1/JARID2/KNL1/LEF1/MIS18A/MMS22L/MRNIP/PARP1/PARP2/PARP3/PIAS4/PML/PRKDC/RAD21/RCC2/RNF4/RPA1/SIRT6/SMC5/SPDL1/SPIN1/SPO11/TNKS2/VCPIP1/WAPL",43
"GO:1901991","negative regulation of mitotic cell cycle phase transition","60/3301","193/18860",0.310880829015544,1.7761928007371,4.9923181367875,2.65090139443066e-06,0.000257221590859598,0.000227131534680709,"ABRAXAS1/APC/ATM/BABAM2/BRSK1/BUB3/CACNB4/CCNB1/CCND1/CDC14B/CDC6/CDC73/CDK1/CDK2AP2/CENPF/CHFR/DACT1/DTL/EZH2/FBXO31/FBXO5/FBXO7/FHL1/FOXO4/FZR1/GEN1/HASPIN/INHBA/INTS3/KANK2/KLHL22/KNL1/MAD1L1/MAD2L1/MRNIP/NABP2/NAE1/PABIR1/PKD2/PKMYT1/PLK3/PRKDC/PRMT2/RAD21/RBBP8/RBL2/SKA1/SKA3/SPC24/SPDL1/TAOK1/TAOK2/TPRA1/TRIAP1/TRIM39/UIMC1/WAC/ZFP36L1/ZFYVE19/ZWINT",60
"GO:0010824","regulation of centrosome duplication","23/3301","50/18860",0.46,2.62817328082399,5.30985277754807,2.94235274567039e-06,0.000281040661473174,0.000248164224996674,"CCNF/CEP120/CEP295/CHMP1A/CHMP2A/CHMP2B/CHMP3/CHMP5/CHORDC1/FBXW5/GEN1/MDM1/NAT10/NPM1/NUBP1/NUP62/PDCD6IP/PLK4/POC1A/RBM14/SPICE1/TRIM37/VPS4B",23
"GO:0007093","mitotic cell cycle checkpoint signaling","46/3301","136/18860",0.338235294117647,1.93248035354705,5.02690965910952,3.12262099784031e-06,0.00029367049476612,0.000259316606913767,"ABRAXAS1/APC/ATM/BABAM2/BRSK1/BUB3/CCNB1/CCND1/CDC14B/CDC6/CDK1/CENPF/CHFR/DTL/FBXO31/FOXO4/FZR1/GEN1/HASPIN/INTS3/KLHL22/KNL1/MAD1L1/MAD2L1/MRNIP/NABP2/NAE1/PABIR1/PLK3/PPP1R10/PRKDC/RAD9A/RBBP8/SETMAR/SKA1/SKA3/SPC24/SPDL1/TAOK1/TAOK2/TRIAP1/TRIM39/UIMC1/WAC/ZFYVE19/ZWINT",46
"GO:0000082","G1/S transition of mitotic cell cycle","72/3301","246/18860",0.292682926829268,1.67222053923054,4.88821983213017,3.36907729490629e-06,0.000312048022784275,0.000275544312093771,"ACTB/ACVR1B/AKT1/APC/APPL2/ARID1B/BCL7A/BCL7B/BID/CACNB4/CACUL1/CCNB1/CCND1/CCND3/CCNE2/CCNF/CCNH/CCNI/CCNJL/CCNP/CDC34/CDC6/CDC7/CDC73/CDK1/CDK10/CDK2AP2/CDKN2A/CDKN2C/CPSF3/CUL2/DACT1/DDX3X/DPF2/EIF4EBP1/EZH2/FBXO31/FBXO7/FHL1/GSPT1/ID2/INHBA/KANK2/KHDRBS1/MEPCE/MYB/PIAS1/PKD1/PKD2/PLK3/PLRG1/POLE/PPP2CA/PPP6C/PRKDC/PRMT2/RBBP8/RBL2/RBX1/RCC1/SENP2/SMARCA4/SMARCB1/SMARCC1/SMARCD3/TFDP1/TMEM14B/TRIAP1/UBE2E2/USP37/USP38/WAC",72
"GO:0140013","meiotic nuclear division","62/3301","203/18860",0.305418719211823,1.7449854723826,4.91548266741259,3.49190834397584e-06,0.000318597547861557,0.000281327666738541,"ANKRD31/ASZ1/ATM/AURKA/BAG6/BRME1/CCNE2/CDC25B/CHFR/CKS2/DMRT1/EHMT2/ERCC4/FANCA/FBXO5/FIGNL1/FZR1/HORMAD1/HSF1/ING2/KASH5/KCTD19/KNL1/M1AP/MAEL/MAJIN/MCMDC2/MEI1/MEIOSIN/MLH1/MLH3/MOV10L1/MSH4/MSH5/NCAPH/PRDM9/PSMA8/RAB24/RAD21/RAD51AP1/RAD54B/RMI1/RNF212/RPL10L/SIRT7/SKA1/SKA3/SLC25A31/SLX4/SMC4/SPATA22/SPIRE2/SPO11/STAG3/SYCE1/TEX15/TOP6BL/TUBB8/UBB/ZCWPW1/ZNF541/ZWINT",62
"GO:0000086","G2/M transition of mitotic cell cycle","48/3301","145/18860",0.331034482758621,1.89133909264695,4.9627602130411,3.81743654656303e-06,0.000342330209804124,0.000302284056562037,"ABRAXAS1/ATM/AURKA/BABAM2/BRD4/BRSK1/CALM3/CCNB1/CCND1/CDC14B/CDC25B/CDC25C/CDC6/CDC7/CDK1/CENPF/CHFR/DNM2/DTL/FBXL15/FBXO5/FHL1/FOXO4/FZR1/INTS3/KCNH5/KDM8/KHDRBS1/MARK3/MRNIP/NABP2/NAE1/PABIR1/PKMYT1/PLK3/PPM1D/PPME1/RAD21/RBBP8/RCC2/SMARCD3/TAOK1/TAOK2/TRIM39/UIMC1/VPS4B/WNT10B/ZFYVE19",48
"GO:0048024","regulation of mRNA splicing, via spliceosome","41/3301","117/18860",0.35042735042735,2.00213869405024,5.00832451762879,3.86402494298782e-06,0.000342330209804124,0.000302284056562037,"C1QBP/CELF4/CIRBP/DAZAP1/DYRK1A/FMR1/HNRNPA1/HNRNPK/HNRNPL/HNRNPU/KHDRBS1/KHDRBS3/LARP7/NCL/NOVA1/NPM1/PTBP1/QKI/RBFOX1/RBM14/RBM19/RBM23/RBM42/RNPS1/SAP18/SNRNP70/SNW1/SRPK1/SRPK2/SRSF1/SRSF10/SRSF12/SRSF2/SRSF5/SRSF6/SRSF9/TIA1/TRA2A/U2AF2/UPF1/YTHDC1",41
"GO:0072655","establishment of protein localization to mitochondrion","44/3301","129/18860",0.341085271317829,1.94876347078287,4.98039261428441,3.94754661572988e-06,0.000344733606599382,0.000304406301435531,"AKT1/AP3B1/BAG3/BAG4/BAP1/BID/BNIP3L/CALM3/CDKN2A/CHCHD4/COX18/CSNK2A2/DDIT3/FBXO7/GDAP1/GRPEL1/GRPEL2/HSP90AA1/HSPD1/MAPT/MOAP1/MTCH2/MTERF4/MTX2/NPEPPS/OXA1L/PAM16/PINK1/PRKN/ROMO1/SAE1/SREBF1/SREBF2/TIMM13/TIMM29/TIMM8B/TOMM20/TOMM34/TOMM40/TOMM7/UBE2D3/UBE2J2/UBL5/USP36",44
"GO:0034244","negative regulation of transcription elongation by RNA polymerase II","14/3301","23/18860",0.608695652173913,3.47773401999394,5.47651126078474,4.11184012531036e-06,0.000349106648416976,0.000308267780154847,"EAPP/EZH2/HNRNPU/LARP7/NELFA/NELFB/NELFCD/NELFE/PARP1/PPP1R10/RECQL5/SIRT6/SUPT4H1/VHL",14
"GO:0050686","negative regulation of mRNA processing","14/3301","23/18860",0.608695652173913,3.47773401999394,5.47651126078474,4.11184012531036e-06,0.000349106648416976,0.000308267780154847,"C1QBP/CELF4/DYRK1A/HNRNPK/NPM1/PTBP1/RBM42/RNPS1/SAP18/SRSF10/SRSF12/SRSF6/SRSF9/U2AF2",14
"GO:0001701","in utero embryonic development","112/3301","429/18860",0.261072261072261,1.49161552372701,4.74428791115203,4.23103065510225e-06,0.000354305347871781,0.000312858330199918,"ACVR1B/ADAM10/ADCY9/AKAP3/AKT1/APBA1/ARMC5/B9D1/BAP1/BMP2/BMP7/BMPR1A/BNIP2/BRK1/BTF3/BYSL/C2CD3/CAMSAP3/CCN1/CCNB1/CELF4/CHD7/CITED1/CMIP/CMTM3/CNOT1/CTR9/DAD1/DNAJB6/EIF2S2/ENDOG/ERCC2/FKRP/FOXC1/FUT8/GATA2/GPI/GRB2/GSE1/HCFC1/HEY2/HM13/HORMAD1/HS6ST1/HSF1/IGF2/INPP5K/IWS1/JAG2/KDM4C/KDM8/LEF1/LIG4/MAFF/MAFG/MATR3/MBD3/MBNL1/MDFI/MGAT1/MIB1/MYB/NCKAP1/NCOA1/NDEL1/NPAT/NR2F2/NSUN2/PALB2/PKD1/PKD2/PLK4/PLOD3/POLG2/PPP4R4/PRICKLE2/PTPN18/RBBP8/RIC8A/RPA1/RRP7A/RSPO3/RTCB/RTF1/SCO2/SEC24C/SEC24D/SENP2/SMAD2/SMAD4/SMARCB1/SMG9/SP3/SPINT2/SRSF1/TAB1/TAF8/TBX3/TEAD4/TENT5C/TRIM28/TTLL4/TWIST1/UNK/VASH1/VASH2/WDTC1/XRCC2/YBX1/YTHDC1/ZFP14/ZFP36L1",112
"GO:0034063","stress granule assembly","19/3301","38/18860",0.5,2.85671008785217,5.27708710492906,4.60589836741997e-06,0.000380484550270788,0.000335975061566566,"ATXN2/ATXN2L/CAPRIN1/CIRBP/DAZAP2/DDX3X/DYNC1H1/EIF2S1/FMR1/G3BP2/HSF1/MAPT/PUM2/QKI/RPS23/TIA1/USP10/YTHDF1/YTHDF2",19
"GO:0032785","negative regulation of DNA-templated transcription, elongation","15/3301","26/18860",0.576923076923077,3.29620394752173,5.39656114564871,4.72026341422556e-06,0.000384732936682144,0.000339726467202086,"EAPP/EZH2/HNRNPU/LARP7/NELFA/NELFB/NELFCD/NELFE/PARP1/PPP1R10/RECQL5/SIRT6/SUPT4H1/SUPT5H/VHL",15
"GO:0006261","DNA-templated DNA replication","54/3301","171/18860",0.315789473684211,1.80423795022242,4.86609785175805,4.89709479758237e-06,0.000393893953916066,0.000347815818864299,"ATM/BOD1L1/CAMSAP3/CCNE2/CDC34/CDC45/CDC6/CDC7/CDK1/CDT1/CHRAC1/DDX11/DNA2/DNAJA3/DYNLL1/ENDOG/FBXO5/FZR1/GEN1/GMNN/KAT7/LIG3/LRWD1/MCM2/MCM4/MCM6/MMS22L/ORC6/PARP1/PCNA/POLA1/POLA2/POLD3/POLE/POLG2/POLN/POLRMT/PRIM1/PRKDC/RBBP8/RECQL5/REV3L/RFC3/RNF126/RPA1/RTEL1/SAMHD1/SENP2/SETMAR/TWNK/UPF1/WDHD1/WDR18/WRNIP1",54
"GO:0031507","heterochromatin formation","52/3301","163/18860",0.319018404907975,1.82268619102224,4.85884782834181,5.24173571869989e-06,0.000416139356472889,0.000367458930492045,"BAP1/BEND3/CBX1/CBX5/CDKN2B-AS1/DNMT1/DYRK1A/EED/EHMT1/EHMT2/EZH1/EZH2/H1-2/H2AC11/H2AC12/H2AC13/H2AC15/H2AC17/H2AC18/H2AC19/H2AC20/H2AC25/H2AC6/H2AC8/H2AX/HMGA2/HNRNPK/HNRNPU/JARID2/L3MBTL1/MAEL/MBD1/MBD3/MECP2/MIS18A/MORC1/MOV10L1/PARTICL/PCGF3/PPM1D/SIRT6/SMARCA4/SMARCA5/SMCHD1/SPEN/SPIN1/SPTY2D1/TDRD5/TEX15/TRIM28/UHRF1/YTHDC1",52
"GO:0044784","metaphase/anaphase transition of cell cycle","36/3301","99/18860",0.363636363636364,2.07760733661976,4.95155260243269,5.64386646424428e-06,0.000442319944819555,0.000390576885676717,"ACTB/ANAPC1/ANAPC11/ANAPC2/ANAPC7/APC/ARID1B/ATM/BCL7A/BCL7B/BUB3/CCNB1/CDC6/CENPF/CHFR/DPF2/FBXO5/GEN1/HASPIN/KLHL22/KNL1/MAD1L1/MAD2L1/NEK6/NSMCE2/RAD21/RIOK2/SKA1/SKA3/SMARCA4/SMARCB1/SMARCC1/SMARCD3/SPC24/SPDL1/ZWINT",36
"GO:0007091","metaphase/anaphase transition of mitotic cell cycle","35/3301","96/18860",0.364583333333333,2.0830177723922,4.90004129314584,7.08187861102643e-06,0.000547993974040564,0.000483889054195117,"ACTB/ANAPC1/ANAPC11/ANAPC2/ANAPC7/APC/ARID1B/ATM/BCL7A/BCL7B/BUB3/CCNB1/CDC6/CENPF/DPF2/FBXO5/GEN1/HASPIN/KLHL22/KNL1/MAD1L1/MAD2L1/NEK6/NSMCE2/RAD21/RIOK2/SKA1/SKA3/SMARCA4/SMARCB1/SMARCC1/SMARCD3/SPC24/SPDL1/ZWINT",35
"GO:0006403","RNA localization","62/3301","208/18860",0.298076923076923,1.70303870621956,4.69612287870605,8.31116589969386e-06,0.000635076964310357,0.000560784983337239,"ALKBH5/ALYREF/ATM/ATXN2/CAPRIN1/CCT3/CCT5/DDX25/DDX39A/DDX39B/DHX9/DKC1/FBL/FMR1/FXR2/FYTTD1/G3BP2/GLE1/HNRNPA1/HNRNPAB/HNRNPU/HSF1/IWS1/KHDRBS1/KHSRP/MEX3D/NSUN2/NUP107/NUP155/NUP210/NUP214/NUP50/NUP62/NXF1/PARN/PCID2/PRPF6/PUM2/QKI/RAE1/RAN/RANBP2/RBFOX1/RBM33/SEH1L/SENP2/SLBP/SMG6/SMG7/SRSF1/STAU2/THOC3/THOC6/TOMM20/UPF1/UPF2/XPO5/YBX1/YTHDC1/YY1/ZC3H3/ZFP36L1",62
"GO:0051258","protein polymerization","80/3301","291/18860",0.274914089347079,1.57069970466098,4.51909151491953,1.34295443243826e-05,0.00101351610438211,0.000894953908972501,"ABITRAM/ARHGAP28/ARPC2/ARPC5/BAG4/BLOC1S2/CAMSAP1/CAMSAP3/CAPG/CAPZA1/CAPZA2/CARMIL2/CDC42EP3/CDC42EP4/CDK1/CDK5R1/CEP192/CFL1/CHMP2A/CHMP3/CLASP1/CLIP3/CORO7/CYRIB/DCTN1/DNM2/DYRK1A/EML2/FBXO5/FKBP4/GBA2/GPX4/GRB2/HAUS3/HAUS6/HDGFL3/HSP90AA1/JAK2/KANK1/KANK2/KANK3/KIRREL1/MAPRE3/MAPT/MECP2/MLST8/MTPN/NCKAP1/NDEL1/NUMA1/PCNT/PFN1/PFN2/PINK1/PPP2CA/PRKCE/PRKN/PYCARD/RAC1/RASA1/SKA1/SPTAN1/SPTBN1/SPTBN2/SPTBN4/SSH1/SSH2/SSNA1/SVIL/TMOD3/TPGS2/TPPP/TRIM32/TUBG1/TUBG2/TUBGCP3/TUBGCP4/TWF2/UBE2K/UBE2S",80
"GO:0000288","nuclear-transcribed mRNA catabolic process, deadenylation-dependent decay","25/3301","61/18860",0.409836065573771,2.34156564578046,4.83393408485115,1.39492433568134e-05,0.00103409267379663,0.000913123409339739,"AGO2/CAPRIN1/CNOT1/CNOT4/CNOT6L/CNOT8/CNOT9/DHX9/EIF4ENIF1/FMR1/HNRNPU/LSM1/MLH1/PABPC1/PAN2/PAN3/PARN/PATL1/POLR2G/SYNCRIP/TENT4A/TNRC6B/TNRC6C/YBX1/ZFP36L1",25
"GO:0045739","positive regulation of DNA repair","46/3301","143/18860",0.321678321678322,1.83788341316363,4.63259936961066,1.40405188819108e-05,0.00103409267379663,0.000913123409339739,"ABRAXAS1/ACTB/ACTR8/ARID1B/ATM/BABAM2/BCL7A/BCL7B/DDX11/DHX9/DPF2/EPC1/EPC2/ERCC6/FUS/H2AX/INO80C/INO80E/MBTD1/MEAF6/MORF4L1/MRGBP/MRNIP/PARP1/PARP3/PCNA/PIAS4/PRKDC/RAD51AP1/RNF126/SETMAR/SHLD2/SIRT6/SMARCA4/SMARCB1/SMARCC1/SMARCD3/SMCHD1/SPIRE2/TIGAR/TRIM28/UIMC1/USP1/YEATS4/YY1/ZCWPW1",46
"GO:0072594","establishment of protein localization to organelle","120/3301","478/18860",0.251046025104602,1.43433142486301,4.43026874833223,1.45615222688287e-05,0.00105969744796845,0.000935732909706188,"ACD/ADAR/AKIRIN2/AKT1/AP3B1/APPL2/BAG3/BAG4/BAG6/BAP1/BID/BNIP3L/CABP1/CALM3/CDK1/CDKN2A/CFL1/CHCHD4/COX18/CSNK2A2/CTCFL/DDIT3/EDEM1/EIF4ENIF1/FAM53B/FAM53C/FBXO7/GDAP1/GET1/GNPTAB/GNPTG/GRPEL1/GRPEL2/HACL1/HEATR3/HGS/HSP90AA1/HSPD1/IFT122/IL10RA/ING1/IPO11/IPO5/IPO9/JAK2/LRWD1/LYPLA1/LYSET/MAPT/MOAP1/MTCH2/MTERF4/MTX2/MVB12B/NABP2/NAGPA/NCOA4/NF1/NPEPPS/NPM1/NUP107/NUP155/NUP214/NUP50/NUP62/OXA1L/PAM16/PEX16/PEX5L/PINK1/PML/POLA2/PPP1R10/PRKN/PTPN23/PTTG1IP/RAB10/RAB3GAP2/RAN/RANBP2/ROMO1/SAE1/SEC61B/SEC61G/SGTA/SIRT6/SMURF1/SNAP25-AS1/SPCS1/SPCS3/SREBF1/SREBF2/SRP14/SRP54/SRP68/SRPRB/SUFU/TBK1/TIMM13/TIMM29/TIMM8B/TOMM20/TOMM34/TOMM40/TOMM7/TRAM2/TRIM28/TRIM37/TTC9-DT/UBE2D3/UBE2J2/UBL5/USP36/VPS13C/VPS28/VPS37C/ZDHHC12/ZFAND2A/ZFAND6/ZFYVE16",120
"GO:1902099","regulation of metaphase/anaphase transition of cell cycle","34/3301","95/18860",0.357894736842105,2.04480301025208,4.7023308849609,1.50528419935502e-05,0.00108256497772438,0.00095592537142942,"ACTB/ANAPC11/ANAPC7/APC/ARID1B/ATM/BCL7A/BCL7B/BUB3/CCNB1/CDC6/CENPF/CHFR/DPF2/FBXO5/GEN1/HASPIN/KLHL22/KNL1/MAD1L1/MAD2L1/NEK6/NSMCE2/RAD21/RIOK2/SKA1/SKA3/SMARCA4/SMARCB1/SMARCC1/SMARCD3/SPC24/SPDL1/ZWINT",34
"GO:0031122","cytoplasmic microtubule organization","26/3301","65/18860",0.4,2.28536807028173,4.78139114329422,1.58726094889885e-05,0.00111721048884137,0.000986518013685858,"CCDC88C/CEP120/CLASP1/CLIP3/CLIP4/CRIPT/DYNC1H1/FSD1/HOOK1/HOOK3/IFT172/KANK1/KATNA1/MAPT/NUMA1/PAFAH1B1/PLK3/PPFIBP1/RHOA/SLK/TBCB/TPPP/TUBG1/TUBG2/TUBGCP3/TUBGCP4",26
"GO:0070936","protein K48-linked ubiquitination","38/3301","111/18860",0.342342342342342,1.95594564573662,4.65261253302814,1.59001002010796e-05,0.00111721048884137,0.000986518013685858,"ANAPC1/ANAPC10/ANAPC11/ANAPC13/ANAPC2/ANAPC7/CDC34/DUSP22/FBXO7/FOXO4/ITCH/KBTBD2/PPIA/PRKN/RBX1/RNF126/RNF152/RNF170/RNF187/RNF216/RNF4/RNF5/SKP1/TCF25/TTC3/UBE2D2/UBE2D3/UBE2D4/UBE2E2/UBE2G1/UBE2G2/UBE2K/UBE2Q2/UBE2R2/UBE2T/UBE3A/USP38/ZNRF1",38
"GO:0018193","peptidyl-amino acid modification","104/3301","404/18860",0.257425742574257,1.47078143136943,4.4058780159981,1.74891269572402e-05,0.00121489810329101,0.00107277802675512,"ABI1/ABI2/ACVR1B/AKT1/ALK/ANTKMT/ARAF/ARL2BP/ATM/ATPSCKMT/AURKA/BAG6/BRSK1/CDK1/CDK10/CDK5R1/CDKN2A/CEP41/CLIP3/CNOT9/DDR1/DIP2A/DYRK1A/EEF1AKMT1/EFEMP1/EGLN2/EGR1/EHMT1/EHMT2/EPHB2/ERCC6/ESCO1/FLT4/GADD45A/GOLGA7/HDAC4/HDAC7/HINT1/IGF1R/JAK2/KAT7/KIT/LIPT2/MAP2K2/MAP4K1/MORC3/NEK6/NNAT/NOS2/NRG1/NSMCE2/NSMCE3/NSMCE4A/NTMT1/P4HB/PARD3/PDCL3/PFN2/PIAS1/PIAS4/PLOD3/PML/PPIA/PRKCE/PRKDC/PTK2/PTPN2/QPCTL/RANBP2/RELA/RIPK2/RNF212/ROCK1/SAE1/SENP1/SENP2/SENP3/SENP7/SETD6/SIRT5/SMC5/SMC6/SNX6/SOCS4/SRCIN1/SRPK2/TBK1/TOLLIP/TOP1/TRIM28/TTBK2/TTLL4/TTLL6/TTLL7/UBA2/UBE2I/UBE2K/UHRF2/VKORC1L1/WNK3/ZDHHC12/ZDHHC14/ZDHHC9/ZFYVE28",104
"GO:0044843","cell cycle G1/S phase transition","76/3301","275/18860",0.276363636363636,1.57898157583102,4.45493180330572,1.78679414479228e-05,0.00122726658506912,0.00108369963033647,"ACTB/ACVR1B/AKT1/APC/APPL2/ARID1B/BCL7A/BCL7B/BID/CACNB4/CACUL1/CCNB1/CCND1/CCND3/CCNE2/CCNF/CCNH/CCNI/CCNJL/CCNP/CDC34/CDC6/CDC7/CDC73/CDK1/CDK10/CDK2AP2/CDKN2A/CDKN2C/CPSF3/CUL2/DACT1/DDX3X/DPF2/EIF4EBP1/EZH2/FBXO31/FBXO7/FHL1/GSPT1/ID2/INHBA/KANK2/KHDRBS1/MAP3K11/MEPCE/MYB/NPAT/PIAS1/PKD1/PKD2/PLK3/PLRG1/POLE/PPP2CA/PPP6C/PRKDC/PRMT2/RASSF1/RBBP8/RBL2/RBX1/RCC1/SENP2/SMARCA4/SMARCB1/SMARCC1/SMARCD3/TFDP1/TMEM14B/TRIAP1/TRIM39/UBE2E2/USP37/USP38/WAC",76
"GO:0030071","regulation of mitotic metaphase/anaphase transition","33/3301","92/18860",0.358695652173913,2.04937897606786,4.64738366671792,1.89399012904858e-05,0.00128644018431933,0.00113595103880247,"ACTB/ANAPC11/ANAPC7/APC/ARID1B/ATM/BCL7A/BCL7B/BUB3/CCNB1/CDC6/CENPF/DPF2/FBXO5/GEN1/HASPIN/KLHL22/KNL1/MAD1L1/MAD2L1/NEK6/NSMCE2/RAD21/RIOK2/SKA1/SKA3/SMARCA4/SMARCB1/SMARCC1/SMARCD3/SPC24/SPDL1/ZWINT",33
"GO:0071168","protein localization to chromatin","25/3301","62/18860",0.403225806451613,2.3037984579453,4.73632763665881,1.95128694905819e-05,0.00131079309006513,0.00115745511564724,"APLF/BRD2/BRD3/CENPA/CHMP7/ERCC6/EZH2/H2AC8/H2BC11/H4C14/H4C15/JARID2/LEF1/MMS22L/MRNIP/PARP1/PARP2/PIAS4/PRKDC/RAD21/RNF4/SIRT6/SPIN1/VCPIP1/WAPL",25
"GO:1902410","mitotic cytokinetic process","18/3301","38/18860",0.473684210526316,2.70635692533363,4.84975774408647,2.12573449016158e-05,0.00141245814547367,0.00124722728438771,"ARF1/CEP55/CHMP1A/CHMP2A/CHMP2B/CHMP3/CHMP5/CHMP7/CNTROB/EXOC7/IQGAP2/MITD1/NUP62/PDCD6IP/RHOA/SPART/VPS4B/ZFYVE19",18
"GO:0070192","chromosome organization involved in meiotic cell cycle","26/3301","66/18860",0.393939393939394,2.25074128133807,4.68836151924711,2.18585216462644e-05,0.00143678648197435,0.00126870966612387,"ANKRD31/ATM/BAG6/CCNE2/EHMT2/HORMAD1/KASH5/MAEL/MAJIN/MCMDC2/MLH1/MLH3/MSH4/MSH5/NCAPD3/NCAPH/PRDM9/RNF212/SIRT7/SMC4/SPATA22/SPO11/STAG3/SYCE1/TEX15/ZCWPW1",26
"GO:0042254","ribosome biogenesis","85/3301","318/18860",0.267295597484277,1.52717205954361,4.36695692324861,2.31421137726198e-05,0.00150497597331941,0.00132892227800665,"AATF/AFG2B/BOP1/BYSL/C1QBP/CDKN2A/CHD7/DDX10/DDX3X/DDX51/DDX52/DKC1/EIF2A/EIF5B/ERCC2/ESF1/EXOSC1/EXOSC2/EXOSC5/EXOSC8/FASTKD2/FBL/FTSJ3/GEMIN4/GTF2H5/GTF3A/HEATR1/HEATR3/KRI1/LTO1/LYAR/MAK16/MPHOSPH10/MPHOSPH6/MTERF4/MTG1/MYBBP1A/MYG1/NAT10/NOA1/NOB1/NOL7/NOLC1/NOP56/NPM1/POP4/POP7/PPAN/PRKDC/PWP1/PWP2/RAN/RBFA/RIOK2/RPL10L/RPL26L1/RPL5/RPLP0/RPP38/RPP40/RPS15/RPS16/RPS23/RPS5/RPS9/RPSA2/RPUSD1/RRP1/RRP1B/RRP7A/RRP7BP/RRP9/SART1/SIRT7/TFB1M/TSR3/URB2/USP36/UTP18/UTP20/UTP4/WDR12/WDR18/WDR43/YTHDF2",85
"GO:0000209","protein polyubiquitination","81/3301","300/18860",0.27,1.54262344744017,4.36376595467393,2.41931171330327e-05,0.00154161599487995,0.00136127611074662,"AKT1/ANAPC1/ANAPC10/ANAPC11/ANAPC13/ANAPC2/ANAPC7/ARK2C/ATM/BLMH/CBFB/CDC34/CDKN2A/CEP63/CHFR/DAW1/DDX3X/DTL/DUSP22/FBXO7/FOXO4/FZR1/H2AX/HECTD2/ITCH/KBTBD2/MARCHF1/NAGK/NOD2/NPEPPS/OTUD4/PARP10/PELI3/PPIA/PRKN/RBX1/RIPK2/RNF111/RNF123/RNF126/RNF144A/RNF152/RNF167/RNF170/RNF187/RNF216/RNF4/RNF41/RNF5/RUSC1/SHARPIN/SKP1/SMURF1/SPSB4/STUB1/TCF25/TNKS2/TRIM3/TRIM32/TRIM8/TTC3/UBE2D2/UBE2D3/UBE2D4/UBE2E2/UBE2G1/UBE2G2/UBE2J2/UBE2K/UBE2Q2/UBE2R2/UBE2S/UBE2T/UBE2V1/UBE3A/UBE3D/UBE4A/USP38/YWHAE/YWHAG/ZNRF1",81
"GO:0045132","meiotic chromosome segregation","34/3301","97/18860",0.350515463917526,2.00264212344276,4.56007437729607,2.49251331218338e-05,0.00154161599487995,0.00136127611074662,"ANKRD31/ATM/AURKA/BAG6/CCNE2/CHFR/EHMT2/FBXO5/HORMAD1/KASH5/KNL1/M1AP/MAEL/MAJIN/MCMDC2/MLH1/MLH3/MSH4/MSH5/NCAPH/PRDM9/RNF212/SIRT7/SKA1/SKA3/SMC4/SPATA22/SPO11/STAG3/SYCE1/TEX15/TUBB8/ZCWPW1/ZWINT",34
"GO:2001251","negative regulation of chromosome organization","34/3301","97/18860",0.350515463917526,2.00264212344276,4.56007437729607,2.49251331218338e-05,0.00154161599487995,0.00136127611074662,"ACD/APC/ATM/BUB3/CCNB1/CENPF/ERCC4/FBXO5/GEN1/HASPIN/HNRNPA1/HNRNPU/KLHL22/KNL1/MAD1L1/MAD2L1/NAT10/PARP1/PARP3/PML/RAD21/RTEL1/SETMAR/SKA1/SKA3/SLX4/SMARCA5/SMG6/SPC24/SPDL1/TNKS2/WAPL/XRCC1/ZWINT",34
"GO:0006284","base-excision repair","22/3301","52/18860",0.423076923076923,2.4172162281826,4.7136543468972,2.49664622105538e-05,0.00154161599487995,0.00136127611074662,"APEX2/DCAF1/DNA2/ERCC6/HMGA1/HMGA2/LIG3/LIG4/MBD4/MPG/NEIL2/NEIL3/OGG1/PARP1/PARP2/PCNA/POLE/RBX1/RPA1/SIRT6/XPA/XRCC1",22
"GO:0032506","cytokinetic process","22/3301","52/18860",0.423076923076923,2.4172162281826,4.7136543468972,2.49664622105538e-05,0.00154161599487995,0.00136127611074662,"ALKBH4/ANLN/ARF1/CEP55/CHMP1A/CHMP2A/CHMP2B/CHMP3/CHMP5/CHMP7/CNTROB/EXOC7/IQGAP2/MITD1/NUP62/PDCD6IP/RHOA/SPART/SPAST/SPIRE2/VPS4B/ZFYVE19",22
"GO:0000289","nuclear-transcribed mRNA poly(A) tail shortening","16/3301","32/18860",0.5,2.85671008785217,4.84181557793636,2.61454738764069e-05,0.00159827281806476,0.001411305158297,"AGO2/CNOT1/CNOT4/CNOT6L/CNOT8/CNOT9/EIF4ENIF1/MLH1/PABPC1/PAN2/PAN3/PARN/POLR2G/TENT4A/TNRC6B/TNRC6C",16
"GO:0090068","positive regulation of cell cycle process","76/3301","278/18860",0.273381294964029,1.56194220630766,4.34769504581456,2.6850567809302e-05,0.00162512397047785,0.00143501523424805,"AKT1/ANAPC11/ANAPC7/ANKRD31/AURKA/BRD4/CCNB1/CCND1/CCND3/CCNE2/CDC14A/CDC14B/CDC25B/CDC25C/CDC42/CDC6/CDC7/CDC73/CDK1/CDK10/CEP120/CEP295/CHMP3/CPSF3/DDX11/DDX3X/DMRT1/DTL/DYNC1H1/EXOC7/EZH2/FBXO5/GEN1/GPSM2/HNRNPU/IGF2/KNL1/LEF1/MAD1L1/MAD2L1/MEIOSIN/MEPCE/NCAPD3/NCAPH/NEUROG1/NPM1/NSMCE2/NUMA1/NUP62/PLK4/PLRG1/PLSCR1/POC1A/PPP1R10/PRDM9/PRKCE/RAD18/RAD21/RAD51AP1/RANBP1/RCC2/RHOA/RXFP3/SKA1/SKA3/SMARCD3/SMC4/SMC5/SMC6/SPAST/SVIL/TFDP1/TMOD3/UBE2E2/VPS4B/WNT10B",76
"GO:0090150","establishment of protein localization to membrane","77/3301","283/18860",0.27208480565371,1.5545348181245,4.32937793151692,2.85098130156045e-05,0.00170863222514108,0.00150875460416945,"AKAP5/AKT1/AKT2/ANKRD13C/AP3B1/ATP13A1/ATP2C1/BAG6/BID/C2CD5/CALM3/CCDC47/CDK5R1/CLSTN1/COX18/CSK/EMC10/EMC6/FRMPD1/GET1/GOLGA4/GOLGA7/GRIPAP1/ICMT/INPP5K/ITGB1BP1/LYPLA1/LYPLAL1/MOAP1/MTCH2/MTX2/MYO1C/NACAD/NOMO1/NOMO2/NOMO3/NSF/NSG1/OXA1L/PARD3/PEX16/PHAF1/RAB10/RAB3GAP2/RAB3IP/RAB5IF/RAB8A/RILPL1/ROMO1/SEC61B/SEC61G/SGTA/SIL1/SNAP25-AS1/SPTBN1/SRP14/SRP54/SRP68/SRPRB/STX3/TAOK2/TIMM13/TIMM29/TIMM8B/TOMM20/TOMM40/TOMM7/TRAM2/TTC9-DT/VAMP3/VPS35/VPS37C/WDR44/ZDHHC11B/ZDHHC12/ZDHHC14/ZDHHC9",77
"GO:2000779","regulation of double-strand break repair","47/3301","151/18860",0.311258278145695,1.77834932621261,4.42312274942738,2.95885486286781e-05,0.00175606599773892,0.00155063952343241,"ACTB/ARID1B/ATM/BCL7A/BCL7B/C1QBP/DDX11/DEK/DPF2/EPC1/EPC2/ERCC6/FIGNL1/FUS/H2AX/HMGA2/HSF1/MBTD1/MEAF6/MORF4L1/MRGBP/MRNIP/OGG1/PARP1/PARP3/PIAS4/PML/PPP4R2/PRKDC/RAD51AP1/RECQL5/RNF126/RTEL1/SENP3/SETMAR/SHLD2/SIRT6/SMARCA4/SMARCB1/SMARCC1/SMARCD3/SMCHD1/SPIRE2/TEX15/TWIST1/YEATS4/ZCWPW1",47
"GO:0006289","nucleotide-excision repair","31/3301","86/18860",0.36046511627907,2.05948866798645,4.53584689590605,2.99831327186615e-05,0.00176237394528056,0.00155620956053944,"ACTB/ARID1B/BCL7A/BCL7B/DPF2/ELOF1/ERCC2/ERCC4/ERCC6/FAN1/FANCC/GTF2H5/HMGN1/KAT7/LIG4/OGG1/POLD3/POLE/POLR2I/RAD23B/RBX1/RNF111/RPA1/SLX4/SMARCA4/SMARCB1/SMARCC1/SMARCD3/USP45/UVSSA/XPA",31
"GO:0006352","DNA-templated transcription initiation","66/3301","234/18860",0.282051282051282,1.61147748545507,4.33530695420712,3.10707803297597e-05,0.00180891123957925,0.00159730287249131,"ARID1B/ARMC5/ATAD2/BRF1/CCNH/CTCFL/DPY30/EGR1/ELOB/ERCC2/ERCC6/FOXO1/GTF2A1/GTF2A1L/GTF2F1/GTF2F2/GTF2H5/GTF3C1/HEY2/INTS11/INTS13/INTS2/INTS3/INTS7/KAT7/MAZ/MED11/MED15/MED18/MED20/MED25/MED26/MED28/MED4/MORC1/NFKBIZ/OGG1/PAXIP1/POLR2G/POLR2I/POLR3H/POLRMT/PPM1D/PPP2CA/PRMT3/RBM14/RBX1/SIRT7/SMARCA4/SMARCA5/SMARCB1/TAF12/TAF1B/TAF4/TAF4B/TAF6/TAF7/TAF8/TFAM/TFB1M/TWIST1/USP21/WDR5/WNT10B/XPA/ZNHIT1",66
"GO:0045787","positive regulation of cell cycle","91/3301","349/18860",0.260744985673352,1.48974566185987,4.25362914311038,3.40744750254409e-05,0.00196506854557094,0.00173519273019326,"AKT1/ANAPC11/ANAPC7/ANKRD31/AURKA/BRD4/CCNB1/CCND1/CCND3/CCNE2/CDC14A/CDC14B/CDC25B/CDC25C/CDC42/CDC6/CDC7/CDC73/CDK1/CDK10/CEP120/CEP295/CHMP3/CPSF3/DDX11/DDX3X/DMRT1/DTL/DUSP3/DYNC1H1/EIF4EBP1/EXOC7/EZH2/FBXO5/FNTB/FOXA1/GEN1/GPSM2/HCFC1/HNRNPU/HSF1/IGF2/KNL1/LEF1/MAD1L1/MAD2L1/MEIOSIN/MEIS2/MEPCE/NCAPD3/NCAPH/NEUROG1/NPM1/NR4A3/NSMCE2/NUMA1/NUP62/PAFAH1B1/PLK4/PLRG1/PLSCR1/POC1A/PPP1R10/PRDM9/PRKCA/PRKCE/RAD18/RAD21/RAD51AP1/RANBP1/RCC2/RHOA/RXFP3/SKA1/SKA3/SLC6A4/SMARCD3/SMC4/SMC5/SMC6/SPAST/SRPK2/STAT5B/SVIL/TBX3/TFDP1/TMOD3/TRIM32/UBE2E2/VPS4B/WNT10B",91
"GO:0051304","chromosome separation","30/3301","83/18860",0.36144578313253,2.06509162977265,4.47923828782883,3.77232633759379e-05,0.00215516176651503,0.00190304864330359,"ANAPC11/ANAPC7/APC/ATM/BUB3/CCNB1/CENPF/CHFR/CSNK2A2/FBXO5/GEN1/HASPIN/KLHL22/KNL1/M1AP/MAD1L1/MAD2L1/NCAPD3/NCAPH/NSMCE2/NUMA1/PLSCR1/RAD21/RECQL5/SKA1/SKA3/SMC4/SPC24/SPDL1/ZWINT",30
"GO:0051168","nuclear export","52/3301","174/18860",0.298850574712644,1.70745890308405,4.31826132116767,3.96372418727556e-05,0.00224354129229773,0.00198108943785078,"ADAR/ALKBH5/ALYREF/BAG3/CCHCR1/CDKN2A/CTDSPL2/DDX25/DDX39A/DDX39B/DHX9/EIF4ENIF1/EMD/FMR1/FYTTD1/GLE1/HNRNPA1/IWS1/KHDRBS1/NEMF/NPM1/NSUN2/NUP107/NUP155/NUP214/NUP62/NXF1/PCID2/PKD1/PPM1A/RAE1/RAN/RANBP2/RANBP3/RBM33/RIOK2/RPS15/SIRT6/SIRT7/SMG6/SMG7/SMURF1/THOC3/THOC6/TXN/UBE2I/UPF1/UPF2/XPO5/XPO7/YTHDC1/YWHAE",52
"GO:0009303","rRNA transcription","19/3301","43/18860",0.441860465116279,2.52453449624145,4.60985795050853,4.27011876551402e-05,0.00239479229482452,0.00211464693670265,"BRF1/CDKN2A/DDX11/ERCC2/ERCC6/GTF2H5/GTF3A/GTF3C1/GTF3C2/NCL/POLR1A/POLR2E/PWP1/SIRT7/SMARCA4/SMARCB1/SPIN1/TAF1B/TOP1",19
"GO:1902459","positive regulation of stem cell population maintenance","21/3301","50/18860",0.42,2.39963647379582,4.56454095241089,4.33071427216018e-05,0.00240669603142865,0.0021251581614964,"ACTB/ARID4A/BCL7A/BCL7B/BICRA/DPF2/ING1/ING2/LBH/RBBP7/SAP130/SAP30/SINHCAF/SIRT6/SMARCA4/SMARCB1/SMARCC1/SS18/SUDS3/TEAD4/ZNF322",21
"GO:1905818","regulation of chromosome separation","28/3301","76/18860",0.368421052631579,2.10494427525949,4.44574331929469,4.55293735315564e-05,0.00250739694052617,0.00221407897079015,"ANAPC11/ANAPC7/APC/ATM/BUB3/CCNB1/CENPF/CHFR/CSNK2A2/FBXO5/GEN1/HASPIN/KLHL22/KNL1/MAD1L1/MAD2L1/NCAPD3/NCAPH/NSMCE2/NUMA1/PLSCR1/RAD21/SKA1/SKA3/SMC4/SPC24/SPDL1/ZWINT",28
"GO:0050000","chromosome localization","40/3301","124/18860",0.32258064516129,1.84303876635624,4.33821629657331,4.61215721173003e-05,0.00251733187815229,0.00222285170881124,"ABRAXAS1/APC/ATM/BUB3/CCNB1/CDC42/CDK1/CDT1/CENPF/CHMP1A/CHMP2A/CHMP2B/CHMP3/CHMP5/CHMP7/DSN1/DYNC1H1/EML4/HNRNPU/KASH5/KNL1/MAD1L1/MAJIN/MIS12/MLH1/NDEL1/NUMA1/NUP62/RAB24/RCC2/RMDN1/SEH1L/SKA1/SKA3/SPC24/SPDL1/SPICE1/SPO11/VPS4B/ZWINT",40
"GO:0051984","positive regulation of chromosome segregation","15/3301","30/18860",0.5,2.85671008785217,4.68781880005972,4.67783657578249e-05,0.00253058539714676,0.00223455481701096,"CCNB1/CDC6/CDK1/HNRNPU/MAD1L1/NCAPD3/NCAPH/NUMA1/RAD18/RCC2/SKA1/SKA3/SMC4/SMC5/SMC6",15
"GO:0007129","homologous chromosome pairing at meiosis","22/3301","54/18860",0.407407407407407,2.32768970121288,4.50024856949132,5.03066170301805e-05,0.00266498121884552,0.00235322887207415,"ANKRD31/BAG6/CCNE2/EHMT2/HORMAD1/KASH5/MAEL/MAJIN/MCMDC2/MLH1/MLH3/MSH4/MSH5/PRDM9/RNF212/SIRT7/SPATA22/SPO11/STAG3/SYCE1/TEX15/ZCWPW1",22
"GO:1903146","regulation of autophagy of mitochondrion","22/3301","54/18860",0.407407407407407,2.32768970121288,4.50024856949132,5.03066170301805e-05,0.00266498121884552,0.00235322887207415,"ATP13A2/BNIP3/BNIP3L/CDC37/CSNK2A2/DNM1L/EIF2AK1/FBXO7/NOD2/OMA1/PINK1/PRKN/RBX1/RNF41/SLC25A4/SREBF1/SREBF2/STUB1/TIGAR/TOMM7/USP36/VPS13C",22
"GO:0051310","metaphase chromosome alignment","35/3301","104/18860",0.336538461538462,1.92278563605434,4.34648950556127,5.0715786490867e-05,0.00266498121884552,0.00235322887207415,"ABRAXAS1/APC/BUB3/CCNB1/CDC42/CDK1/CDT1/CENPF/CHMP1A/CHMP2A/CHMP2B/CHMP3/CHMP5/CHMP7/DSN1/DYNC1H1/EML4/HNRNPU/KNL1/MAD1L1/MIS12/MLH1/NUMA1/NUP62/RAB24/RCC2/RMDN1/SEH1L/SKA1/SKA3/SPC24/SPDL1/SPICE1/VPS4B/ZWINT",35
"GO:2000781","positive regulation of double-strand break repair","34/3301","100/18860",0.34,1.94256285973947,4.35296482776673,5.10065111409987e-05,0.00266498121884552,0.00235322887207415,"ACTB/ARID1B/ATM/BCL7A/BCL7B/DDX11/DPF2/EPC1/EPC2/ERCC6/FUS/H2AX/MBTD1/MEAF6/MORF4L1/MRGBP/MRNIP/PARP1/PARP3/PIAS4/PRKDC/RAD51AP1/RNF126/SETMAR/SHLD2/SIRT6/SMARCA4/SMARCB1/SMARCC1/SMARCD3/SMCHD1/SPIRE2/YEATS4/ZCWPW1",34
"GO:1902115","regulation of organelle assembly","66/3301","238/18860",0.277310924369748,1.58439383023734,4.17899827231282,5.49855342213721e-05,0.00284853026012922,0.00251530615064403,"AKT1/ARF4/ARHGAP35/ARHGEF5/ATM/CAPRIN1/CBLN1/CDK10/CEP120/CEP295/CHMP1A/CHMP2A/CHMP2B/CHMP3/CHMP5/CHMP7/CNOT1/CNOT6L/CNTROB/CRIPT/DYNC1H1/DYNLT2B/EHMT2/EPHB2/FEZ1/G3BP2/GPSM2/HNRNPU/HSF1/IFT140/LCP1/LRFN4/MDM1/MOAP1/MPHOSPH9/NPM1/NUMA1/NUP62/PAN2/PAN3/PDCD6IP/PHF23/PINK1/PLK4/RAB1B/RAB3GAP2/RBM14/RCC1/RHOA/RNF4/RNF5/SEPTIN9/SMAD4/SNX4/SPICE1/SPTBN2/TAPT1/TBC1D12/TBC1D7/TRIM32/TRIM37/TTBK2/USP10/VPS4B/WDR44/ZMYND10",66
"GO:0000422","autophagy of mitochondrion","38/3301","117/18860",0.324786324786325,1.85564074082705,4.27618105758058,5.9800249956872e-05,0.00307192376459125,0.00271256684457178,"ABI2/ATG4B/ATG7/ATG9A/ATP13A2/BNIP3/BNIP3L/CDC37/CDKN2A/CISD2/CSNK2A2/DNM1L/EIF2AK1/EIF2S1/FBXO7/FUNDC1/FUNDC2/LRBA/MAP1LC3B/NOD2/OMA1/PINK1/PRKN/RBX1/RETREG1/RNF41/SLC25A4/SPATA33/SREBF1/SREBF2/STUB1/TIGAR/TOMM7/ULK3/USP36/VPS13C/WDR45B/WIPI2",38
"GO:0060236","regulation of mitotic spindle organization","19/3301","44/18860",0.431818181818182,2.46715871223596,4.48777458699121,6.2885563970486e-05,0.00319751049333512,0.0028234623037741,"CHMP1A/CHMP2A/CHMP2B/CHMP3/CHMP5/CHMP7/DCTN1/DYNC1H1/FSD1/GNAI1/GPSM2/HNRNPU/NUMA1/NUP62/PARP3/PKD1/RAE1/RCC1/VPS4B",19
"GO:2001252","positive regulation of chromosome organization","35/3301","105/18860",0.333333333333333,1.90447339190144,4.280782499205,6.340856579653e-05,0.00319751049333512,0.0028234623037741,"ACD/ACTR8/ATM/CCT3/CCT5/CDK1/DDX11/DKC1/HNRNPA1/HSP90AA1/INO80C/INO80E/LIG4/MAD1L1/MAP2K7/NABP2/NCAPD3/NCAPH/NSMCE2/NUMA1/PARN/PKIB/PML/PPP1R10/PTGES3/RAD21/RTEL1/SIRT6/SKA1/SKA3/SLX4/SMC4/SMC5/TNKS2/YY1",35
"GO:0006367","transcription initiation at RNA polymerase II promoter","55/3301","190/18860",0.289473684210526,1.65388478770389,4.17250751321679,6.3814212364941e-05,0.00319751049333512,0.0028234623037741,"ARID1B/ARMC5/ATAD2/CCNH/CTCFL/DPY30/EGR1/ELOB/ERCC2/ERCC6/FOXO1/GTF2A1/GTF2A1L/GTF2F1/GTF2F2/GTF2H5/HEY2/INTS11/INTS13/INTS2/INTS3/INTS7/KAT7/MAZ/MED11/MED15/MED18/MED20/MED25/MED26/MED28/MED4/OGG1/PAXIP1/POLR2G/POLR2I/PPM1D/PPP2CA/PRMT3/RBM14/RBX1/SIRT7/SMARCA4/SMARCB1/TAF12/TAF4/TAF4B/TAF6/TAF7/TAF8/USP21/WDR5/WNT10B/XPA/ZNHIT1",55
"GO:0045930","negative regulation of mitotic cell cycle","67/3301","244/18860",0.274590163934426,1.56884898267291,4.11945692268289,6.74170384439885e-05,0.00335057200006587,0.00295861851211616,"ABRAXAS1/APC/ATM/BABAM2/BMP7/BRSK1/BUB3/CACNB4/CCNB1/CCND1/CDC14B/CDC6/CDC73/CDK1/CDK2AP2/CENPF/CHFR/DACT1/DTL/EZH2/FBXO31/FBXO5/FBXO7/FHL1/FOXC1/FOXO4/FZD3/FZR1/GEN1/HASPIN/INHBA/INTS3/KANK2/KLHL22/KNL1/MAD1L1/MAD2L1/MRNIP/NABP2/NAE1/PABIR1/PKD2/PKMYT1/PLK3/PML/PPP1R10/PRKDC/PRMT2/RAD21/RAD9A/RBBP8/RBL2/SETMAR/SKA1/SKA3/SPC24/SPDL1/TAOK1/TAOK2/TPRA1/TRIAP1/TRIM39/UIMC1/WAC/ZFP36L1/ZFYVE19/ZWINT",67
"GO:0007005","mitochondrion organization","104/3301","417/18860",0.249400479616307,1.42492973207015,4.04166781407596,6.9659288488746e-05,0.00343409056880407,0.00303236698956103,"ACAD9/AFG3L2/AKT1/AP3B1/ATAD3A/ATP13A2/ATP5F1D/ATPAF1/ATPAF2/AURKA/BID/BLOC1S2/BNIP3/BNIP3L/CALM3/CHCHD4/CLN8/CNTNAP1/COA4/COX17/COX18/COX7A2L/CYRIB/DAP3/DNAJA3/DNAJC11/DNM1L/EIF2S1/ENDOG/FASTKD3/FEZ1/FMC1/FUNDC1/GABPB1/GCLM/GDAP1/HRK/HSD17B10/HSPD1/IMMT/LETM1/LIG3/LIPA/LONP1/MAPT/MFSD8/MICOS13/MOAP1/MSTO1/MTCH2/MTFR1/MTX2/NDUFAF5/NDUFAF6/NDUFS7/NDUFS8/NOA1/OMA1/OPA1/OXA1L/PARP1/PGAM5/PINK1/POLG2/PPARG/PPM1K/PRELID1/PRKN/PUM2/PYCARD/RAB5IF/RALBP1/ROMO1/RTL10/SCO2/SDHAF3/SDHAF4/SHARPIN/SIRT5/SIRT7/SLC25A31/SLC25A4/SLC35F6/SOD2/SPG7/TFAM/TFRC/TIMM13/TIMM29/TIMM8B/TMEM135/TMEM14A/TMEM70/TOMM20/TOMM40/TOMM7/TRIAP1/UQCC1/UQCC2/UQCC5/UQCC6/UQCRFS1/VPS13C/VPS35",104
"GO:0022618","protein-RNA complex assembly","64/3301","231/18860",0.277056277056277,1.58293892313886,4.10606220994265,7.28163389826968e-05,0.00356101024160981,0.00314443946360648,"ADAR/AGO1/AGO2/ATM/BOP1/CELF4/DDX39B/DDX42/DHX9/DICER1/DKC1/EIF2D/EIF2S2/EIF2S3/EIF3A/EIF3B/EIF3K/EIF4H/FASTKD2/GEMIN2/GEMIN4/HSP90AA1/HTATSF1/LSM2/LSM4/LUC7L/MTG1/PRKDC/PRPF6/PTBP2/PTGES3/PWP2/RBMX2/RNU6ATAC/RPL10L/RPL13A/RPL5/RPS15/RPSA2/RRP7A/RRP7BP/RSRP1/SART1/SCAF11/SF1/SF3A2/SF3B1/SNRPD2/SRPK1/SRPK2/SRSF1/SRSF10/SRSF12/SRSF5/SRSF6/SRSF9/STRAP/TAF12-DT/TSSC4/TXNL4A/U2AF2/USP39/YTHDC1/ZRSR2",64
"GO:0090224","regulation of spindle organization","20/3301","48/18860",0.416666666666667,2.38059173987681,4.41122953278953,7.50441365879052e-05,0.00364083180128464,0.00321492341205328,"CHMP1A/CHMP2A/CHMP2B/CHMP3/CHMP5/CHMP7/DCTN1/DYNC1H1/FSD1/GNAI1/GPSM2/HNRNPU/NUMA1/NUP62/PARP3/PKD1/RAE1/RCC1/RNF4/VPS4B",20
"GO:0006364","rRNA processing","62/3301","223/18860",0.278026905829596,1.58848453315546,4.07184027702175,8.38596371321928e-05,0.00403648788810311,0.0035642952276327,"BOP1/BYSL/CDKN2A/CHD7/DDX10/DDX51/DDX52/DKC1/ERCC2/ESF1/EXOSC1/EXOSC2/EXOSC5/EXOSC8/FBL/FTSJ3/GEMIN4/GTF2H5/HEATR1/KRI1/LYAR/MAK16/MPHOSPH10/MPHOSPH6/MTERF4/MYG1/NAT10/NOB1/NOL7/NOLC1/NOP56/POP4/POP7/PPAN/PRKDC/PWP1/PWP2/RBFA/RIOK2/RPL5/RPP38/RPP40/RPS15/RPS16/RPUSD1/RRP1/RRP1B/RRP7A/RRP7BP/RRP9/SART1/SIRT7/TFB1M/TSR3/USP36/UTP18/UTP20/UTP4/WDR12/WDR18/WDR43/YTHDF2",62
"GO:0090148","membrane fission","19/3301","45/18860",0.422222222222222,2.41233296307516,4.36900450987224,9.10856646908916e-05,0.00435005209574547,0.00384117835966194,"CHMP1A/CHMP2A/CHMP2B/CHMP3/CHMP5/CHMP7/DNM1/DNM1L/DNM2/EXOC6/EXOC7/EXOC8/HGS/MVB12B/SPAST/TMCC1/VPS28/VPS37C/VPS4B",19
"GO:0032204","regulation of telomere maintenance","36/3301","111/18860",0.324324324324324,1.85300113806627,4.1515789138788,9.54183435137541e-05,0.00452164599922154,0.00399269902520221,"ACD/ACTR8/ATM/CCT3/CCT5/DKC1/ERCC4/HNRNPA1/HNRNPU/HSP90AA1/INO80C/INO80E/MAP2K7/NABP2/NAT10/NSMCE2/NSMCE3/NSMCE4A/PARN/PARP1/PARP3/PKIB/PML/PPP1R10/PTGES3/RTEL1/SIRT6/SLX4/SMC5/SMC6/SMG6/TNKS2/UPF1/XRCC1/YLPM1/YY1",36
"GO:0032271","regulation of protein polymerization","57/3301","202/18860",0.282178217821782,1.61220272284726,4.029300421171,0.00010267414822981,0.00482805437022176,0.00426326341799568,"ABITRAM/ARHGAP28/ARPC2/ARPC5/BAG4/CAMSAP1/CAMSAP3/CAPG/CAPZA1/CAPZA2/CARMIL2/CDC42EP3/CDC42EP4/CDK5R1/CFL1/CLASP1/CLIP3/CYRIB/DCTN1/DYRK1A/EML2/FKBP4/GBA2/GRB2/HAUS3/HAUS6/HSP90AA1/KANK1/KANK2/KANK3/KIRREL1/MAPRE3/MAPT/MECP2/MLST8/MTPN/NCKAP1/NUMA1/PFN1/PFN2/PINK1/PPP2CA/PRKCE/PYCARD/RAC1/RASA1/SKA1/SPTAN1/SPTBN1/SPTBN2/SPTBN4/SSH1/SSH2/SVIL/TMOD3/TPPP/TWF2",57
"GO:1901524","regulation of mitophagy","20/3301","49/18860",0.408163265306122,2.33200823498136,4.30021589488372,0.000106077513670116,0.0049500140539345,0.00437095612776501,"BNIP3L/CDC37/CSNK2A2/DNM1L/EIF2AK1/FBXO7/NOD2/OMA1/PINK1/PRKN/RBX1/RNF41/SLC25A4/SREBF1/SREBF2/STUB1/TIGAR/TOMM7/USP36/VPS13C",20
"GO:0051225","spindle assembly","42/3301","137/18860",0.306569343065693,1.75155946992396,4.06655984937983,0.000112038871684193,0.00518858805004148,0.00458162148322603,"ABRAXAS1/ARHGEF10/AURKA/BCCIP/CEP192/CEP63/CHMP1A/CHMP2A/CHMP2B/CHMP3/CHMP5/CHMP7/CLASP1/DYNC1H1/FBXO5/GPSM2/HAUS3/HAUS6/HNRNPU/KASH5/KIF11/KIF2A/MAPRE2/MAPRE3/MLH1/MYBL2/NEK6/NUMA1/RCC1/RHOA/RNF4/SKA1/SKA3/SPICE1/STAG1/STAG2/TUBB/TUBB8/TUBGCP3/TUBGCP4/UHRF1/VPS4B",42
"GO:1901875","positive regulation of post-translational protein modification","41/3301","133/18860",0.308270676691729,1.76127990378855,4.05814287091235,0.000117362083194206,0.00539424371854274,0.00476321933217167,"ARRDC3/BIRC8/CDC14B/CDKN2A/CHFR/CRY1/DCUN1D2/DCUN1D4/DDX3X/DNAJA3/EGR1/FZR1/HDAC4/NOD2/NPM1/NSMCE3/PAXIP1/PHF23/PIAS1/PIAS4/PINK1/PRKN/PTTG1IP/RASSF1/RASSF5/RBX1/RIPK2/RNF111/SAE1/SENP2/SPRTN/SPSB4/STUB1/TBC1D7/TOLLIP/UBA2/UBB/UBE2S/UBE2V1/UBE3A/UBQLN1",41
"GO:0045143","homologous chromosome segregation","25/3301","68/18860",0.367647058823529,2.10052212342071,4.18753050662649,0.000118802473435758,0.00541969791128946,0.00478569586628882,"ANKRD31/ATM/BAG6/CCNE2/EHMT2/HORMAD1/KASH5/KNL1/MAEL/MAJIN/MCMDC2/MLH1/MLH3/MSH4/MSH5/PRDM9/RNF212/SIRT7/SPATA22/SPO11/STAG3/SYCE1/TEX15/ZCWPW1/ZWINT",25
"GO:0010586","miRNA metabolic process","35/3301","108/18860",0.324074074074074,1.85157135323752,4.08790106021436,0.000120574245179018,0.00545978045021731,0.00482108950704097,"AGO1/AGO2/BMP2/BMPR1A/DICER1/EGR1/ELOB/FOXA1/FOXO3/GATA2/KHSRP/MRTFB/MYB/NCOR2/NFATC3/NFIB/NOTCH3/NR1H2/PARN/PAX6/POU2F1/PPARA/PPARG/QKI/RELA/SMAD4/SMAD6/SMARCA4/SREBF1/SREBF2/TEAD1/TENT2/TWIST1/XPO5/YY1",35
"GO:0018205","peptidyl-lysine modification","40/3301","129/18860",0.310077519379845,1.77160315525716,4.05041590864616,0.00012270905621559,0.00551559162239635,0.00487037182874263,"ANTKMT/ATPSCKMT/BAG6/CDKN2A/DIP2A/EEF1AKMT1/EGR1/EHMT1/EHMT2/ESCO1/HDAC4/HDAC7/HINT1/KAT7/LIPT2/NNAT/NSMCE2/NSMCE3/NSMCE4A/PIAS1/PIAS4/PLOD3/PML/RANBP2/RELA/RNF212/SAE1/SENP1/SENP2/SENP3/SENP7/SETD6/SIRT5/SMC5/SMC6/TOLLIP/TRIM28/UBA2/UBE2I/UHRF2",40
"GO:0016241","regulation of macroautophagy","56/3301","199/18860",0.281407035175879,1.60779663235901,3.97016561081756,0.000127219811434713,0.00567660370292265,0.00501254854427361,"ADRB2/AKT1/ATM/ATP13A2/ATP6V0D1/ATP6V0E2/ATP6V1B2/ATP6V1D/ATP6V1E2/ATP6V1G1/BAG3/BNIP3/BNIP3L/CAPNS1/CDC37/CDK5R1/CSNK2A2/DNM1L/EHMT2/EIF2AK1/EXOC7/EXOC8/FBXO7/FEZ1/LYPLA1/MOAP1/NOD2/NRBP2/OMA1/PHF23/PINK1/PRKN/RAB3GAP2/RBX1/RIPK2/RNF41/RUBCN/SLC25A4/SNX32/SNX4/SNX6/SREBF1/SREBF2/STUB1/SUPT5H/TBC1D25/TBK1/TIGAR/TOMM7/TRIM32/UBQLN1/USP36/VPS13C/VPS26B/VPS35/WAC",56
"GO:0071826","protein-RNA complex organization","65/3301","240/18860",0.270833333333333,1.54738463091992,3.9309691361265,0.000132994482700563,0.00589127009238073,0.00520210303042323,"ADAR/AGO1/AGO2/ATM/BOP1/CELF4/DDX39B/DDX42/DHX9/DICER1/DKC1/EIF2D/EIF2S2/EIF2S3/EIF3A/EIF3B/EIF3K/EIF4H/FASTKD2/GEMIN2/GEMIN4/HSP90AA1/HTATSF1/KIF5B/LSM2/LSM4/LUC7L/MTG1/PRKDC/PRPF6/PTBP2/PTGES3/PWP2/RBMX2/RNU6ATAC/RPL10L/RPL13A/RPL5/RPS15/RPSA2/RRP7A/RRP7BP/RSRP1/SART1/SCAF11/SF1/SF3A2/SF3B1/SNRPD2/SRPK1/SRPK2/SRSF1/SRSF10/SRSF12/SRSF5/SRSF6/SRSF9/STRAP/TAF12-DT/TSSC4/TXNL4A/U2AF2/USP39/YTHDC1/ZRSR2",65
"GO:0045931","positive regulation of mitotic cell cycle","42/3301","138/18860",0.304347826086957,1.73886700999697,4.01255456051884,0.000134159555542926,0.00590012491391299,0.00520992200548371,"AKT1/ANAPC11/ANAPC7/AURKA/BRD4/CCNB1/CCND1/CCND3/CCNE2/CDC25B/CDC25C/CDC6/CDC7/CDK1/CDK10/CPSF3/DDX3X/DTL/DUSP3/EIF4EBP1/FBXO5/FOXA1/HSF1/MAD1L1/MEIS2/MEPCE/NEUROG1/NSMCE2/PAFAH1B1/PLRG1/PPP1R10/PRKCA/RCC2/SKA1/SKA3/SMARCD3/STAT5B/TFDP1/TMOD3/UBE2E2/VPS4B/WNT10B",42
"GO:0006605","protein targeting","82/3301","319/18860",0.25705329153605,1.46865346209328,3.88840816355681,0.000135934288514526,0.0059354736120664,0.00524113557520668,"AKT2/ANKRD13C/AP1M2/AP3B1/BAG3/BAG4/BAG6/BAP1/BID/BNIP3L/C2CD5/CDC37/CDK5R1/CDKN2A/CSNK2A2/EDEM1/FBXO7/GDAP1/GET1/GNPTAB/GNPTG/GOLGA7/HACL1/HGS/ICMT/INPP5K/ITGB1BP1/LYPLA1/LYSET/MTERF4/MYO1C/NACAD/NAGPA/NCOA4/NPEPPS/PAN3/PARD3/PEX16/PINK1/PML/PRKN/RAB3IP/SAE1/SEC61B/SEC61G/SGTA/SIL1/SMURF1/SNAP25-AS1/SPCS1/SPCS3/SREBF1/SREBF2/SRP14/SRP54/SRP68/SRPRB/SYNGR1/TAOK2/TIMM13/TIMM8B/TOMM20/TOMM34/TOMM40/TOMM7/TRAM2/TTC9-DT/UBE2D3/UBE2J2/UBL5/USP36/VPS13C/VPS37C/YWHAE/YWHAG/ZDHHC11B/ZDHHC12/ZDHHC14/ZDHHC9/ZFAND2A/ZFAND6/ZFYVE16",82
"GO:0099173","postsynapse organization","66/3301","245/18860",0.269387755102041,1.5391254350877,3.91230401717755,0.000140578350556338,0.00609471955284323,0.00538175275590073,"ABI2/ACTB/ACTG1/ADAM10/AKT1/ARF1/ARF4/ARHGAP12/ARHGAP39/ASIC1/CAMK2B/CAPRIN1/CARMIL3/CBLN1/CC2D1A/CDC42/CDK5R1/CFL1/CHMP2B/CHRDL1/CNKSR2/CNTNAP1/CRIPT/CRK/CRKL/CRMP1/CUX2/DIP2A/DISC1/DLG4/DNAJA3/EPHB2/EPHB3/ETV5/FARP1/FRRS1L/GDNF/IGF1R/KIF1A/LRFN2/LRFN4/LRP8/MAPRE3/NAE1/NCKIPSD/NF1/NRCAM/NRXN2/PAFAH1B1/POTEE/POTEF/PUM2/RAC1/SENP1/SIPA1L1/SPTBN2/SRCIN1/SSH1/STAU2/TANC1/TANC2/TMEM108/UBE2M/VPS35/WNT7A/ZDHHC12",66
"GO:0071763","nuclear membrane organization","20/3301","50/18860",0.4,2.28536807028173,4.19188503984231,0.000147924427635792,0.0063680424375887,0.00562310203792691,"BROX/CDK1/CHMP1A/CHMP2A/CHMP2B/CHMP3/CHMP5/CHMP7/CTDNEP1/DCTN1/EMD/NEK6/PAFAH1B1/PRKCA/RCC1/SPAST/TMEM43/TOR1B/UBE2I/VPS4B",20
"GO:0045943","positive regulation of transcription by RNA polymerase I","16/3301","36/18860",0.444444444444444,2.53929785586859,4.2580348317965,0.000156835529674852,0.00670444470561098,0.00592015160966243,"DDX11/DEK/DHX33/ERCC6/HEATR1/LYAR/MYBBP1A/MYO1C/NCL/PWP1/SF3B1/SIRT7/SMARCA4/SMARCA5/SMARCB1/WDR43",16
"GO:0044818","mitotic G2/M transition checkpoint","21/3301","54/18860",0.388888888888889,2.22188562388502,4.14162211693537,0.000163686979280787,0.00694873961349617,0.00613586863853709,"ABRAXAS1/ATM/BABAM2/BRSK1/CDC14B/CDC6/CDK1/CHFR/DTL/FOXO4/FZR1/INTS3/MRNIP/NABP2/NAE1/PABIR1/RBBP8/TAOK1/TAOK2/TRIM39/UIMC1",21
"GO:0006457","protein folding","62/3301","228/18860",0.271929824561404,1.55364934602486,3.87403668575323,0.000165977269803159,0.00699737276073592,0.0061788126283165,"AHSA2P/APLF/BAG1/BAG3/BAG4/CANX/CCDC47/CCT3/CCT5/CDC37/CHCHD4/CHORDC1/CLGN/CLPX/DNAJA3/DNAJB1/DNAJB11/DNAJB13/DNAJB6/DNAJC25/DNAJC4/DNAJC5/ELP6/ENTPD5/ERO1A/ERP29/FKBP1A/FKBP4/GAK/GRPEL1/GRPEL2/HSP90AA1/HSPA14/HSPA4L/HSPD1/HSPE1/KHSRP/MOGS/MPDU1/NGLY1/NKTR/NUDCD2/P4HB/PDCD5/PDCL3/PDIA3/PDRG1/PFDN1/POFUT2/PPIA/PTGES3/QSOX2/RANBP2/RIC8A/SDHAF4/SIL1/SNRNP70/TBCA/TBCB/TXNDC5/UNC45A/ZMYND10",62
"GO:0051236","establishment of RNA localization","49/3301","170/18860",0.288235294117647,1.64680934476184,3.90200074303797,0.00017422696062251,0.00729485897455757,0.00644149858739894,"ALKBH5/ALYREF/ATM/ATXN2/DDX25/DDX39A/DDX39B/DHX9/FMR1/FXR2/FYTTD1/G3BP2/GLE1/HNRNPA1/HSF1/IWS1/KHDRBS1/KHSRP/NSUN2/NUP107/NUP155/NUP210/NUP214/NUP50/NUP62/NXF1/PCID2/QKI/RAE1/RAN/RANBP2/RBFOX1/RBM33/SEH1L/SENP2/SLBP/SMG6/SMG7/SRSF1/THOC3/THOC6/TOMM20/UPF1/UPF2/XPO5/YBX1/YTHDC1/ZC3H3/ZFP36L1",49
"GO:0048813","dendrite morphogenesis","43/3301","144/18860",0.298611111111111,1.70609074691171,3.91765781388905,0.00018044657048616,0.00750387677130541,0.00662606525924116,"ABI1/ABI2/ABITRAM/ADGRB3/ANAPC2/ANKRD27/BTBD3/CAMK2B/CAPRIN1/CC2D1A/CDC42/CDK5R1/CFL1/CTNNA2/CUX2/DIP2A/DLG4/EPHB2/EPHB3/FARP1/KIF1A/KLF7/LRP8/MAPK8IP2/MAPRE3/MEF2A/MINK1/PAFAH1B1/PARP6/PICALM/PREX2/RAC1/RERE/SIPA1L1/SRCIN1/STAU2/SULT4A1/TANC2/TAOK2/TBC1D24/TMEM106B/WNT7A/YWHAH",43
"GO:0031109","microtubule polymerization or depolymerization","45/3301","153/18860",0.294117647058824,1.68041769873657,3.89233755097189,0.000190148571317644,0.00785390686800511,0.00693514846171321,"APC/APC2/BBOF1/BLOC1S2/CAMSAP1/CAMSAP3/CCDC88C/CDK1/CDK5R1/CEP192/CKAP2/CLASP1/CLIP3/DCTN1/DYRK1A/EML2/FBXO5/FKBP4/GBA2/HAUS3/HAUS6/HDGFL3/KIF2A/MAPRE2/MAPRE3/MAPT/MECP2/NDEL1/NUMA1/PCNT/PPP2CA/RAC1/SKA1/SKA3/SPAST/SPECC1L/SSNA1/TAOK1/TPGS2/TPPP/TTBK2/TUBG1/TUBG2/TUBGCP3/TUBGCP4",45
"GO:0000423","mitophagy","32/3301","98/18860",0.326530612244898,1.86560658798509,3.95717518653563,0.000197689973796506,0.00811059603904724,0.00716180985961484,"ABI2/ATG4B/ATG7/ATG9A/BNIP3/BNIP3L/CDC37/CSNK2A2/DNM1L/EIF2AK1/EIF2S1/FBXO7/FUNDC1/LRBA/MAP1LC3B/NOD2/OMA1/PINK1/PRKN/RBX1/RETREG1/RNF41/SLC25A4/SPATA33/SREBF1/SREBF2/STUB1/TIGAR/TOMM7/ULK3/USP36/VPS13C",32
"GO:0051148","negative regulation of muscle cell differentiation","26/3301","74/18860",0.351351351351351,2.00741789957179,3.99944396061012,0.000206243719060862,0.00840511903079365,0.00742187923750245,"BMP2/BMPR1A/BMPR2/DLL1/DNMT1/EZH2/FOXO4/FOXP1/FRS2/HDAC4/HDAC5/HEY2/ID2/IGF2/MECP2/MED28/MIR199A1/NFATC1/NFATC3/PDCD4/PPARA/PTBP1/RGS2/SMAD4/YBX1/YY1",26
"GO:1903322","positive regulation of protein modification by small protein conjugation or removal","40/3301","132/18860",0.303030303030303,1.73133944718313,3.88375223713976,0.000211796286000485,0.00857424302199313,0.00757121892373988,"ARRDC3/BIRC8/CDC14B/CDKN2A/CHFR/CRY1/DCUN1D2/DCUN1D4/DDX3X/DNAJA3/FZR1/HDAC4/NOD2/NPM1/NSMCE3/PAXIP1/PHF23/PIAS1/PIAS4/PINK1/PRKN/PTTG1IP/RASSF1/RASSF5/RBX1/RIPK2/RNF111/SAE1/SENP2/SPRTN/SPSB4/STUB1/TBC1D7/TOLLIP/UBA2/UBB/UBE2S/UBE2V1/UBE3A/UBQLN1",40
"GO:0050657","nucleic acid transport","48/3301","167/18860",0.287425149700599,1.64218064930424,3.8394339388016,0.00021696279846624,0.00861229601963717,0.00760482044111332,"ALKBH5/ALYREF/ATXN2/DDX25/DDX39A/DDX39B/DHX9/FMR1/FXR2/FYTTD1/G3BP2/GLE1/HNRNPA1/HSF1/IWS1/KHDRBS1/KHSRP/NSUN2/NUP107/NUP155/NUP210/NUP214/NUP50/NUP62/NXF1/PCID2/QKI/RAE1/RAN/RANBP2/RBFOX1/RBM33/SEH1L/SENP2/SLBP/SMG6/SMG7/SRSF1/THOC3/THOC6/TOMM20/UPF1/UPF2/XPO5/YBX1/YTHDC1/ZC3H3/ZFP36L1",48
"GO:0050658","RNA transport","48/3301","167/18860",0.287425149700599,1.64218064930424,3.8394339388016,0.00021696279846624,0.00861229601963717,0.00760482044111332,"ALKBH5/ALYREF/ATXN2/DDX25/DDX39A/DDX39B/DHX9/FMR1/FXR2/FYTTD1/G3BP2/GLE1/HNRNPA1/HSF1/IWS1/KHDRBS1/KHSRP/NSUN2/NUP107/NUP155/NUP210/NUP214/NUP50/NUP62/NXF1/PCID2/QKI/RAE1/RAN/RANBP2/RBFOX1/RBM33/SEH1L/SENP2/SLBP/SMG6/SMG7/SRSF1/THOC3/THOC6/TOMM20/UPF1/UPF2/XPO5/YBX1/YTHDC1/ZC3H3/ZFP36L1",48
"GO:0051494","negative regulation of cytoskeleton organization","48/3301","167/18860",0.287425149700599,1.64218064930424,3.8394339388016,0.00021696279846624,0.00861229601963717,0.00760482044111332,"APC/APC2/ARAP1/ARHGAP28/ARHGEF18/BBOF1/CAPG/CAPZA1/CAPZA2/CARMIL2/CCDC88C/CCNF/CFL1/CKAP2/CLASP1/CLIP3/CTNNA2/CYRIB/DYRK1A/EML2/FKBP4/HDGFL3/INPP5K/KANK1/KANK2/KANK3/MDM1/MTPN/NPM1/NUBP1/PFN1/PRKN/RBM14/RHPN1/SMAD4/SPECC1L/SPTAN1/SPTBN1/SPTBN2/SPTBN4/SSH1/SSH2/SVIL/TAOK1/TMOD3/TRIM37/TTBK2/TWF2",48
"GO:0035519","protein K29-linked ubiquitination","8/3301","12/18860",0.666666666666667,3.80894678380289,4.4832478610397,0.000220988063213287,0.00871548406724404,0.00769593744079958,"AKT1/ITCH/PRKN/RNF126/RNF167/UBE2D4/UBE2S/UBE2T",8
"GO:0048193","Golgi vesicle transport","81/3301","319/18860",0.253918495297806,1.45074305401897,3.73980587508185,0.000228001341430238,0.00893443718053235,0.00788927718525143,"AKT1/ARF4/ARFGAP3/ATP2C1/ATP9A/ATP9B/CCDC93/CEP19/COG1/COG2/COG6/COPB1/COPB2/COPG1/CORO7/CSK/DNM2/EXOC6/EXOC8/GAK/GOLGA4/GOLGA7/KDELR2/KIF1C/LLGL1/LYPLA1/LYPLAL1/NAPG/NKD2/NSF/P4HB/PGAP1/PHAF1/PITPNB/PPP6C/PREB/RAB10/RAB14/RAB1B/RAB33B/RAB3IP/RAB6B/RAB8A/RABEP1/RABGGTA/RABGGTB/RABIF/RBSN/RNF139/SCAMP2/SEC16A/SEC22C/SEC24C/SEC24D/SNAP23/SNX12/SORCS1/SPAST/SPIRE2/SPTBN1/STX17/STXBP5/TBC1D20/TEX261/TMED3/TMED4/TMEM115/TRAPPC1/TRAPPC11/TRAPPC3/TRAPPC5/TRAPPC9/VAMP3/VAPA/VAPB/VPS13C/VTI1B/WDR44/YIF1A/YIPF7/YWHAE",81
"GO:0006270","DNA replication initiation","16/3301","37/18860",0.432432432432432,2.47066818408836,4.12441530789576,0.000231697654143844,0.00902145069924405,0.00796611176969246,"CCNE2/CDC34/CDC45/CDC6/CDT1/GMNN/KAT7/LRWD1/MCM2/MCM4/MCM6/ORC6/POLA1/POLA2/PRIM1/WRNIP1",16
"GO:0006998","nuclear envelope organization","23/3301","63/18860",0.365079365079365,2.08585181017777,3.97637940445362,0.00024726961746997,0.00956683019996155,0.00844769219444374,"BROX/CDK1/CHMP1A/CHMP2A/CHMP2B/CHMP3/CHMP5/CHMP7/CTDNEP1/DCTN1/EMD/ICMT/NEK6/NUP155/PAFAH1B1/PRKCA/RCC1/SPAST/TMEM170A/TMEM43/TOR1B/UBE2I/VPS4B",23
"GO:1902893","regulation of miRNA transcription","26/3301","75/18860",0.346666666666667,1.9806523275775,3.91950612528245,0.000263697118076461,0.0100748780175088,0.00889630803615849,"BMP2/BMPR1A/EGR1/FOXA1/FOXO3/GATA2/MRTFB/MYB/NCOR2/NFATC3/NFIB/NOTCH3/NR1H2/PAX6/POU2F1/PPARA/PPARG/RELA/SMAD4/SMAD6/SMARCA4/SREBF1/SREBF2/TEAD1/TWIST1/YY1",26
"GO:2000036","regulation of stem cell population maintenance","26/3301","75/18860",0.346666666666667,1.9806523275775,3.91950612528245,0.000263697118076461,0.0100748780175088,0.00889630803615849,"ACTB/ARID4A/BCL7A/BCL7B/BICRA/BMP7/CNOT1/DPF2/HMGA2/ING1/ING2/KDM3A/LBH/RBBP7/SAP130/SAP30/SINHCAF/SIRT6/SMARCA4/SMARCB1/SMARCC1/SS18/SUDS3/TEAD4/WDR43/ZNF322",26
"GO:0061952","midbody abscission","12/3301","24/18860",0.5,2.85671008785217,4.1922447450389,0.000271207565330375,0.0102974648873576,0.00909285645645088,"CEP55/CHMP1A/CHMP2A/CHMP2B/CHMP3/CHMP5/CHMP7/MITD1/PDCD6IP/SPART/VPS4B/ZFYVE19",12
"GO:1903311","regulation of mRNA metabolic process","102/3301","423/18860",0.24113475177305,1.3777041558436,3.61882907734608,0.000311210828906384,0.0117434061549674,0.0103696499716175,"AGO1/AGO2/AKT1/ALKBH5/BAG4/C1QBP/CAPRIN1/CCNB1/CDC73/CDK11A/CDK11B/CELF4/CIRBP/CNOT1/CNOT4/CNOT6L/CNOT8/CNOT9/DAZAP1/DHX34/DHX9/DYRK1A/EIF4ENIF1/FASTKD2/FASTKD3/FMR1/FUS/FXR2/GDNF/HDAC7/HNRNPA1/HNRNPAB/HNRNPK/HNRNPL/HNRNPU/IWS1/JAK2/KHDRBS1/KHDRBS3/KHSRP/LARP4B/LARP7/LSM1/MEX3D/MIR203A/MLH1/NCL/NICOL1/NOVA1/NPM1/PABPC1/PAN2/PAN3/PARN/PATL1/PIAS4/POLR2G/PRKCA/PTBP1/PUM2/QKI/RBFOX1/RBM14/RBM19/RBM23/RBM33/RBM42/RBX1/RIDA/RNPS1/ROCK1/SAFB/SAFB2/SAP18/SENP1/SLTM/SNRNP70/SNW1/SRPK1/SRPK2/SRSF1/SRSF10/SRSF12/SRSF2/SRSF5/SRSF6/SRSF9/SYNCRIP/TENT4A/TENT5C/TIA1/TNRC6B/TNRC6C/TRA2A/U2AF2/UPF1/YBX1/YTHDC1/YTHDF1/YTHDF2/ZC3H14/ZFP36L1",102
"GO:0070534","protein K63-linked ubiquitination","28/3301","84/18860",0.333333333333333,1.90447339190144,3.82670648109078,0.000329426958706057,0.0123545214636204,0.0109092763593456,"ATM/CDKN2A/CEP63/DDX3X/DUSP22/H2AX/ITCH/NAGK/NOD2/PARP10/PELI3/PRKN/RIPK2/RNF126/RNF152/RNF167/RNF4/RNF5/STUB1/TRIM3/TRIM32/TRIM8/UBE2D4/UBE2E2/UBE2G1/UBE2S/UBE2T/UBE2V1",28
"GO:0061614","miRNA transcription","26/3301","76/18860",0.342105263157895,1.95459111274096,3.84079736612014,0.000334852472247225,0.012407476761507,0.010956036889977,"BMP2/BMPR1A/EGR1/FOXA1/FOXO3/GATA2/MRTFB/MYB/NCOR2/NFATC3/NFIB/NOTCH3/NR1H2/PAX6/POU2F1/PPARA/PPARG/RELA/SMAD4/SMAD6/SMARCA4/SREBF1/SREBF2/TEAD1/TWIST1/YY1",26
"GO:0051028","mRNA transport","41/3301","139/18860",0.294964028776978,1.68525343312142,3.73495480123653,0.000335009495189854,0.012407476761507,0.010956036889977,"ALKBH5/ALYREF/DDX25/DDX39A/DDX39B/DHX9/FMR1/FXR2/FYTTD1/G3BP2/GLE1/HNRNPA1/HSF1/IWS1/KHSRP/NSUN2/NUP107/NUP155/NUP210/NUP214/NUP50/NUP62/NXF1/PCID2/QKI/RAE1/RANBP2/RBM33/SEH1L/SENP2/SLBP/SMG6/SMG7/SRSF1/THOC3/THOC6/UPF1/UPF2/YTHDC1/ZC3H3/ZFP36L1",41
"GO:0006399","tRNA metabolic process","56/3301","206/18860",0.271844660194175,1.55316276621089,3.67698464047564,0.000336928045543951,0.012407476761507,0.010956036889977,"AARSD1/AKT1/ANKZF1/BRF1/CARS2/CTAG1A/CTAG1B/CTAG2/CTU1/DICER1/ELAC1/ELP1/ELP5/ELP6/EXOSC2/EXOSC8/FAM98A/FTSJ1/GATC/GTF3C1/GTF3C2/HSD17B10/IARS2/LAGE3/MARS2/MTFMT/NAT10/NEMF/NSUN2/POLR2E/POLR2F/POP4/POP7/PRORP/PTCD1/PUS3/PUSL1/RNH1/RPP38/RPP40/RPPH1/RTCB/SARS1/SARS2/TARBP1/TARS1/TRIT1/TRMT11/TRMT2A/TRMT9B/TSEN15/TSEN2/TSEN34/TSEN54/VARS2/YRDC",56
"GO:1904896","ESCRT complex disassembly","7/3301","10/18860",0.7,3.99939412299303,4.36987597349536,0.000365704946493177,0.0133068710590047,0.0117502190828134,"CHMP1A/CHMP2A/CHMP2B/CHMP5/CHMP7/VPS4B/VTA1",7
"GO:1904903","ESCRT III complex disassembly","7/3301","10/18860",0.7,3.99939412299303,4.36987597349536,0.000365704946493177,0.0133068710590047,0.0117502190828134,"CHMP1A/CHMP2A/CHMP2B/CHMP5/CHMP7/VPS4B/VTA1",7
"GO:1902117","positive regulation of organelle assembly","31/3301","97/18860",0.319587628865979,1.82593840666839,3.75641565161941,0.000378163116621048,0.0136787640941093,0.0120786076738258,"AKT1/ARHGAP35/ARHGEF5/ATM/CAPRIN1/CEP120/CEP295/CNOT1/CNOT6L/DYNC1H1/G3BP2/GPSM2/HSF1/LCP1/MOAP1/NUMA1/NUP62/PAN2/PAN3/PDCD6IP/PLK4/RAB3GAP2/RHOA/SEPTIN9/SNX4/TAPT1/TRIM32/TTBK2/VPS4B/WDR44/ZMYND10",31
"GO:0033047","regulation of mitotic sister chromatid segregation","21/3301","57/18860",0.368421052631579,2.10494427525949,3.84818092924828,0.00039283150365864,0.0141257587168545,0.0124733123886161,"APC/ATM/BUB3/CCNB1/CDK1/CENPF/FBXO5/GEN1/HASPIN/HNRNPU/KLHL22/KNL1/MAD1L1/MAD2L1/NUMA1/RAD21/SKA1/SKA3/SPC24/SPDL1/ZWINT",21
"GO:0000381","regulation of alternative mRNA splicing, via spliceosome","24/3301","69/18860",0.347826086956522,1.98727658285368,3.78424884676203,0.000423000807612292,0.0150835219229294,0.0133190354328191,"CELF4/DYRK1A/FMR1/HNRNPA1/HNRNPL/HNRNPU/KHDRBS1/KHDRBS3/NOVA1/PTBP1/RBFOX1/RBM14/RBM19/RNPS1/SAP18/SRSF1/SRSF10/SRSF12/SRSF2/SRSF5/SRSF6/SRSF9/TIA1/YTHDC1",24
"GO:0010972","negative regulation of G2/M transition of mitotic cell cycle","25/3301","73/18860",0.342465753424658,1.95665074510422,3.7720494584539,0.000424401402051997,0.0150835219229294,0.0133190354328191,"ABRAXAS1/ATM/BABAM2/BRSK1/CDC14B/CDC6/CDK1/CHFR/DTL/FHL1/FOXO4/FZR1/INTS3/MRNIP/NABP2/NAE1/PABIR1/PKMYT1/RAD21/RBBP8/TAOK1/TAOK2/TRIM39/UIMC1/ZFYVE19",25
"GO:0007099","centriole replication","18/3301","46/18860",0.391304347826087,2.23568615571039,3.86489570603978,0.000431470324537162,0.015246116149686,0.013462609213426,"C2CD3/CEP120/CEP192/CEP295/CEP44/CEP63/CEP72/CHMP2A/CNTROB/DEUP1/MDM1/NPM1/NUP62/PLK4/RBM14/SPICE1/TRIM37/VPS4B",18
"GO:0042790","nucleolar large rRNA transcription by RNA polymerase I","12/3301","25/18860",0.48,2.74244168433808,4.0154728720905,0.000438808180281464,0.0154162896900034,0.0136128756714056,"DDX11/ERCC2/ERCC6/GTF2H5/NCL/POLR1A/POLR2E/PWP1/SIRT7/SMARCA4/SMARCB1/TAF1B",12
"GO:0000281","mitotic cytokinesis","31/3301","98/18860",0.316326530612245,1.80730638211055,3.69065211328402,0.000461665615539868,0.015944417558165,0.0140792225779866,"ANLN/APC/ARF1/CENPA/CEP55/CFL1/CHMP1A/CHMP2A/CHMP2B/CHMP3/CHMP5/CHMP7/CKAP2/CNTROB/EFHC1/EXOC6/EXOC7/EXOC8/IQGAP2/MITD1/NUP62/PDCD6IP/RAB35/RASA1/RHOA/ROCK1/SPART/SPAST/SPTBN1/VPS4B/ZFYVE19",31
"GO:0006405","RNA export from nucleus","31/3301","98/18860",0.316326530612245,1.80730638211055,3.69065211328402,0.000461665615539868,0.015944417558165,0.0140792225779866,"ALKBH5/ALYREF/DDX25/DDX39A/DDX39B/DHX9/FMR1/FYTTD1/GLE1/HNRNPA1/IWS1/KHDRBS1/NSUN2/NUP107/NUP155/NUP214/NUP62/NXF1/PCID2/RAE1/RAN/RANBP2/RBM33/SMG6/SMG7/THOC3/THOC6/UPF1/UPF2/XPO5/YTHDC1",31
"GO:0021954","central nervous system neuron development","31/3301","98/18860",0.316326530612245,1.80730638211055,3.69065211328402,0.000461665615539868,0.015944417558165,0.0140792225779866,"ARHGAP35/B4GALT5/CRK/CRKL/DCLK2/DISC1/EPHB2/EPHB3/GABRB1/GATA2/GBA2/KIAA0319/LHX6/MAPT/NDEL1/NDNF/NFIB/NR4A2/NTRK2/PAFAH1B1/PALS1/PLXNA1/PLXNA3/PRKCA/RAC1/SCN1B/SOX1/SPAST/SPTBN4/TAOK1/UBB",31
"GO:0036503","ERAD pathway","35/3301","115/18860",0.304347826086957,1.73886700999697,3.66069651511784,0.000466338058899184,0.016015306483431,0.0141418188411296,"AFG2B/ANKZF1/BAG6/CANX/CCDC47/CLGN/DERL2/DNAJB9/EDEM1/EDEM2/EDEM3/HM13/MAN1B1/NFE2L2/PRKN/RHBDD1/RNF103/RNF139/RNF145/RNF5/RNFT1/SEC61B/SEL1L2/SGTA/STUB1/SVIP/TMX1/UBAC2/UBE2G2/UBE2J2/UBE4A/UBQLN1/UBXN4/USP14/ZDHHC9",35
"GO:0019827","stem cell population maintenance","53/3301","195/18860",0.271794871794872,1.55287830416579,3.57457248777311,0.000480573037708982,0.0164119719525978,0.0144920819604332,"ACTB/ARID4A/BCL7A/BCL7B/BICRA/BMP7/BMPR1A/CDC73/CDKN2A/CNOT1/CTR9/DLL1/DPF2/EIF4ENIF1/FOXO1/FOXO3/GATA2/HMGA2/HOOK3/ING1/ING2/JAG1/KDM3A/KDM4C/KIT/LBH/LDB1/LIG4/LSM1/MED15/MED28/NFIB/RBBP7/RTF1/SAP130/SAP30/SETD6/SINHCAF/SIRT6/SKI/SMARCA4/SMARCB1/SMARCC1/SMC5/SRRT/SS18/SUDS3/TBX3/TEAD4/TRIM8/WDR43/WNT7A/ZNF322",53
"GO:1902751","positive regulation of cell cycle G2/M phase transition","14/3301","32/18860",0.4375,2.49962132687065,3.91062123750684,0.000489792592615662,0.0165446805196754,0.0146092661377213,"BRD4/CCNB1/CCND1/CDC25B/CDC25C/CDC7/CDK1/DTL/FBXO5/NPM1/RCC2/SMARCD3/VPS4B/WNT10B",14
"GO:0071897","DNA biosynthetic process","47/3301","168/18860",0.279761904761905,1.59839731106014,3.58845612026103,0.00048987194079196,0.0165446805196754,0.0146092661377213,"ACD/ATM/CCT3/CCT5/CDK1/CENPF/CHRAC1/CHTF18/CHTF8/DKC1/DTL/FAAP20/FZR1/HNRNPA1/HNRNPU/HSP90AA1/ING5/KAT7/LIG3/LIG4/MEAF6/NAT10/PARN/PARP10/PARP3/PCNA/PML/POLA1/POLD3/POLE/POLG2/POLH/POLN/PTGES3/REV1/REV3L/RFC3/RPA1/SMG6/SPATA22/SPRTN/TFDP1/TK2/TNKS2/USP1/USP10/WRNIP1",47
"GO:0000380","alternative mRNA splicing, via spliceosome","28/3301","86/18860",0.325581395348837,1.86018331302002,3.68258758037225,0.000508035300612198,0.0168949895972931,0.0149185956856258,"CELF4/DHX9/DYRK1A/FMR1/HNRNPA1/HNRNPL/HNRNPM/HNRNPU/KHDRBS1/KHDRBS3/NOVA1/PTBP1/RBFOX1/RBM14/RBM17/RBM19/RNPS1/SAP18/SRSF1/SRSF10/SRSF12/SRSF2/SRSF5/SRSF6/SRSF9/STRAP/TIA1/YTHDC1",28
"GO:0098727","maintenance of cell number","54/3301","200/18860",0.27,1.54262344744017,3.55343999697687,0.000508829736314037,0.0168949895972931,0.0149185956856258,"ACTB/ARID4A/BCL7A/BCL7B/BICRA/BMP7/BMPR1A/CDC73/CDKN2A/CNOT1/CTR9/DLL1/DPF2/EIF4ENIF1/EZH2/FOXO1/FOXO3/GATA2/HMGA2/HOOK3/ING1/ING2/JAG1/KDM3A/KDM4C/KIT/LBH/LDB1/LIG4/LSM1/MED15/MED28/NFIB/RBBP7/RTF1/SAP130/SAP30/SETD6/SINHCAF/SIRT6/SKI/SMARCA4/SMARCB1/SMARCC1/SMC5/SRRT/SS18/SUDS3/TBX3/TEAD4/TRIM8/WDR43/WNT7A/ZNF322",54
"GO:0099175","regulation of postsynapse organization","42/3301","146/18860",0.287671232876712,1.64358662588755,3.59576563873306,0.000509652791588791,0.0168949895972931,0.0149185956856258,"ABI2/ADAM10/AKT1/ARF4/ARHGAP12/ASIC1/CAMK2B/CAPRIN1/CARMIL3/CBLN1/CC2D1A/CDC42/CDK5R1/CFL1/CHMP2B/CRIPT/CRMP1/CUX2/DISC1/EPHB2/KIF1A/LRFN2/LRFN4/LRP8/MAPRE3/NAE1/NCKIPSD/NF1/NRCAM/NRXN2/PAFAH1B1/PUM2/RAC1/SENP1/SIPA1L1/SRCIN1/STAU2/TANC1/TANC2/UBE2M/VPS35/WNT7A",42
"GO:0050807","regulation of synapse organization","80/3301","322/18860",0.248447204968944,1.41948327346691,3.49705447348169,0.000511299374365979,0.0168949895972931,0.0149185956856258,"ABI2/ADAM10/ADGRB2/ADGRB3/AGAP1/AGO2/AKT1/AMIGO1/ANAPC2/ARF4/ARHGAP12/ASIC1/CAMK2B/CAPRIN1/CARMIL3/CBLN1/CBLN2/CC2D1A/CDC42/CDK5R1/CFL1/CHD4/CHMP2B/CLSTN1/CNTNAP1/CRIPT/CRMP1/CRTAC1/CTNNA2/CUX2/DAB1/DAG1/DCTN1/DISC1/EPHB2/EPHB3/ETV5/FARP1/IL10RA/KIF1A/KIF5B/LINGO2/LRFN2/LRFN4/LRFN5/LRP8/LRRC24/MAPRE3/MEF2C/MRTFB/NAE1/NCKIPSD/NECTIN1/NF1/NRCAM/NRXN2/NTRK2/PAFAH1B1/PRKCA/PUM2/RAC1/RHOA/ROCK1/RTN4RL2/SENP1/SETD5/SIPA1L1/SIX4/SLITRK4/SRCIN1/SRGAP1/STAU2/STRN4/TANC1/TANC2/TUBB/UBE2M/VPS35/WNT7A/ZDHHC17",80
"GO:0061684","chaperone-mediated autophagy","9/3301","16/18860",0.5625,3.21379884883369,4.08040107062619,0.000531987824964325,0.0174065369032025,0.0153703016418198,"ATP13A2/BAG3/EEF1A2/GFAP/HSP90AA1/PLK3/SNRNP70/STUB1/ZDHHC12",9
"GO:1903320","regulation of protein modification by small protein conjugation or removal","63/3301","242/18860",0.260330578512397,1.48737797962551,3.51478144734492,0.000534530857256141,0.0174065369032025,0.0153703016418198,"AKT1/ARRB2/ARRDC3/BIRC8/CDC14B/CDKN2A/CEP63/CHFR/CRY1/DCUN1D2/DCUN1D4/DDX3X/DNAJA3/EGR1/FBXO5/FZR1/HDAC4/HSP90AA1/ITCH/MAD2L1/N4BP1/NOD2/NPM1/NSMCE3/OTUD4/PARP10/PAXIP1/PHF23/PIAS1/PIAS4/PINK1/PPIA/PRKCE/PRKN/PRMT3/PTTG1IP/RASSF1/RASSF5/RBX1/RELA/RIPK2/RNF111/RPL5/SAE1/SENP2/SIAH2/SIRT7/SPOPL/SPRTN/SPSB4/STUB1/SVBP/TBC1D7/TCF25/TOLLIP/U2AF2/UBA2/UBB/UBE2S/UBE2V1/UBE3A/UBQLN1/VPS28",63
"GO:0000266","mitochondrial fission","17/3301","43/18860",0.395348837209302,2.25879402295288,3.80631704239436,0.000537246905003774,0.0174065369032025,0.0153703016418198,"AP3B1/AURKA/BNIP3/CYRIB/DNM1L/GDAP1/MAPT/MTCH2/MTFR1/OPA1/PGAM5/PINK1/PPARG/PRKN/RALBP1/TMEM135/VPS35",17
"GO:0070585","protein localization to mitochondrion","24/3301","70/18860",0.342857142857143,1.95888691738434,3.70206700836752,0.000538170370473626,0.0174065369032025,0.0153703016418198,"AKT1/CHCHD4/COX18/DNM1L/EIF2AK1/GRPEL1/GRPEL2/HSP90AA1/HSPD1/MOAP1/MTCH2/MTX2/OMA1/OXA1L/PAM16/PINK1/PRKN/ROMO1/TIMM13/TIMM29/TIMM8B/TOMM20/TOMM40/TOMM7",24
"GO:2000045","regulation of G1/S transition of mitotic cell cycle","49/3301","178/18860",0.275280898876405,1.57279544162647,3.53662589470687,0.000563073225012887,0.0180883424193867,0.0159723488211689,"ACTB/AKT1/APC/APPL2/ARID1B/BCL7A/BCL7B/BID/CACNB4/CCND1/CCND3/CCNE2/CCNH/CDC6/CDC73/CDK10/CDK2AP2/CDKN2A/CDKN2C/CPSF3/DACT1/DDX3X/DPF2/EZH2/FBXO31/FBXO7/FHL1/ID2/INHBA/KANK2/MEPCE/PKD1/PKD2/PLK3/PLRG1/PPP2CA/PRKDC/PRMT2/RBL2/SENP2/SMARCA4/SMARCB1/SMARCC1/SMARCD3/TFDP1/TMEM14B/TRIAP1/UBE2E2/WAC",49
"GO:0030705","cytoskeleton-dependent intracellular transport","56/3301","210/18860",0.266666666666667,1.52357871352116,3.51433746992987,0.000565168231981493,0.0180883424193867,0.0159723488211689,"ACTN4/AP3B1/APBA1/BAG3/BLOC1S2/BLOC1S5/BORCS8/CAMSAP3/CCDC88C/CDC42/CLIP3/COPG1/DAW1/DST/DYNC1H1/DYNC2I1/DYNLL1/DYNLT2B/FEZ1/HNRNPU/HOOK1/HOOK3/IFT122/IFT140/IFT172/IFT27/IFT80/IFT81/KIF17/KIF1A/KIF1B/KIF1C/KIF3A/KIF5B/KXD1/LCA5L/MAPK8IP3/MAPT/MYO10/MYO1C/NDEL1/OPA1/PAFAH1B1/RASGRP1/RPGR/SPAST/SPG7/SSNA1/SSX2IP/STAU2/TANC2/TMEM108/TRAF3IP1/TUBB/UBB/WDR35",56
"GO:0010971","positive regulation of G2/M transition of mitotic cell cycle","13/3301","29/18860",0.448275862068966,2.56118835462608,3.87533153504642,0.000583531908099033,0.0185788049698406,0.0164054365391,"BRD4/CCNB1/CCND1/CDC25B/CDC25C/CDC7/CDK1/DTL/FBXO5/RCC2/SMARCD3/VPS4B/WNT10B",13
"GO:1903312","negative regulation of mRNA metabolic process","34/3301","112/18860",0.303571428571429,1.73443112476739,3.59065653567096,0.000587030830766473,0.0185933651216345,0.0164182934288,"BAG4/C1QBP/CELF4/CIRBP/DHX34/DHX9/DYRK1A/EIF4ENIF1/FUS/GDNF/HNRNPAB/HNRNPK/HNRNPU/JAK2/LARP4B/NICOL1/NPM1/PABPC1/PTBP1/QKI/RBM42/RNPS1/SAP18/SRSF1/SRSF10/SRSF12/SRSF6/SRSF9/SYNCRIP/TENT4A/TENT5C/U2AF2/YBX1/ZC3H14",34
"GO:0048593","camera-type eye morphogenesis","41/3301","143/18860",0.286713286713287,1.63811347695019,3.52808522595998,0.000635336454607475,0.0200196481804922,0.0176777283734516,"ABI2/AHI1/ALDH1A3/BMP7/CALB1/CDON/DIO3/DLL1/EPHA2/EPHB2/FAT1/FJX1/FOXN4/FRS2/HCN1/HMGN1/IFT122/IFT172/JAG1/LHX1/MEIS1/NECTIN1/NF1/NTRK2/PAX6/PTF1A/RDH13/SAMD11/SHROOM2/SKI/SOX1/SOX11/SP3/TBC1D20/TDRD7/TENM3/TWIST1/VSX1/WNT16/YY1/ZEB1",41
"GO:0141193","nuclear receptor-mediated signaling pathway","56/3301","211/18860",0.265402843601896,1.51635796132437,3.47420613333473,0.000640457736381657,0.0200775289359029,0.01772883817633,"ACTN4/ASXL1/ASXL2/BMP2/CLOCK/CNOT1/CNOT9/CRKL/CRY1/CTBP2/EGLN2/ESRRA/EZH2/FAM120B/FKBP4/FOXA1/FOXP1/HMGA2/JAK2/JUND/KANK2/KDM3A/KDM4C/LBH/NCOA1/NCOA4/NCOR2/NR1D1/NR1H2/NR2C1/NR4A3/PARP1/PER1/PGRMC2/PKN1/PML/PPARA/PPARG/PPP5C/PRMT2/PTF1A/RARG/RHOA/RWDD1/RXRA/SAFB/SAFB2/SMARCA4/SNAI2/SNW1/STUB1/TAF7/TMF1/TWIST1/UBE3A/YWHAH",56
"GO:0008608","attachment of spindle microtubules to kinetochore","20/3301","55/18860",0.363636363636364,2.07760733661976,3.68634915566671,0.000651396098599293,0.0203162466874361,0.0179396304705541,"ABRAXAS1/APC/BUB3/CCNB1/CDC42/CDK1/CDT1/DSN1/EML4/HNRNPU/KNL1/MAD1L1/MIS12/RAB24/RCC2/RMDN1/SEH1L/SKA1/SKA3/SPC24",20
"GO:1902750","negative regulation of cell cycle G2/M phase transition","25/3301","75/18860",0.333333333333333,1.90447339190144,3.61503144388604,0.000671710954492167,0.0208434977909169,0.0184052031773221,"ABRAXAS1/ATM/BABAM2/BRSK1/CDC14B/CDC6/CDK1/CHFR/DTL/FHL1/FOXO4/FZR1/INTS3/MRNIP/NABP2/NAE1/PABIR1/PKMYT1/RAD21/RBBP8/TAOK1/TAOK2/TRIM39/UIMC1/ZFYVE19",25
"GO:0009798","axis specification","31/3301","100/18860",0.31,1.77116025446834,3.56138949204956,0.000678754428497467,0.020955685966692,0.0185042674605795,"AHI1/AURKA/BMPR1A/C2CD3/CHRDL1/DDIT3/DLL1/FOXA2/FRS2/HEY2/HOXD8/IFT172/IRX4/LDB1/LHX1/MDFI/NCKAP1/NEUROG1/OTX2/PAX6/PCSK6/PGAP1/RIPPLY2/SKI/SMAD2/SMAD4/SMAD6/TBX3/TDRD5/TDRD7/WNT7A",31
"GO:0019985","translesion synthesis","12/3301","26/18860",0.461538461538462,2.63696315801738,3.84720694559795,0.000685833016265921,0.0209624861421679,0.0185102721442718,"DTL/FAAP20/PARP10/PCNA/POLD3/POLH/POLN/REV1/REV3L/SPRTN/USP1/USP10",12
"GO:0032925","regulation of activin receptor signaling pathway","12/3301","26/18860",0.461538461538462,2.63696315801738,3.84720694559795,0.000685833016265921,0.0209624861421679,0.0185102721442718,"ACVR1B/ACVR2A/DMRT1/FKBP1A/FST/MAGI2/NOMO1/NOMO3/SKI/SMAD6/SMURF1/ZC3H3",12
"GO:0031570","DNA integrity checkpoint signaling","37/3301","126/18860",0.293650793650794,1.67775036905603,3.51585559634945,0.000698259800148858,0.0211310007837127,0.0186590737632274,"ABRAXAS1/ATM/BABAM2/BRD4/BRSK1/CAMSAP3/CCND1/CDC14B/CDC45/CDC5L/CDC6/CDK1/CDT1/CEP63/CLOCK/CRY1/DNA2/DTL/ERCC6/FBXO31/FOXO4/FZR1/GNB1L/H2AX/INTS7/MRNIP/NAE1/PPP1R10/PRKDC/RAD9A/SETMAR/TAOK1/TAOK2/TRIAP1/TRIM39/UIMC1/WAC",37
"GO:0061640","cytoskeleton-dependent cytokinesis","37/3301","126/18860",0.293650793650794,1.67775036905603,3.51585559634945,0.000698259800148858,0.0211310007837127,0.0186590737632274,"ALKBH4/ANLN/APC/ARF1/CENPA/CEP55/CFL1/CHMP1A/CHMP2A/CHMP2B/CHMP3/CHMP5/CHMP7/CKAP2/CNTROB/EFHC1/EXOC6/EXOC7/EXOC8/IQGAP2/MITD1/NOX5/NUP62/PDCD6IP/RAB35/RASA1/RHOA/ROCK1/SEPTIN2/SEPTIN3/SEPTIN9/SPART/SPAST/SPIRE2/SPTBN1/VPS4B/ZFYVE19",37
"GO:0009314","response to radiation","108/3301","462/18860",0.233766233766234,1.33560471639842,3.36399226139479,0.000704598440583518,0.0212177845679165,0.0187357054877484,"AANAT/ABCC8/ABRAXAS1/AKT1/AKT2/ATM/B3GAT1/B4GALT2/BABAM2/BRSK1/CACNB4/CCND1/CEP250/CIRBP/CLOCK/COP1/CPT1B/CRIP1/CRTC1/CRY1/CYP2R1/DTL/DYNLRB1/EEF1D/EGR1/EIF2S1/ELOVL4/ERCC2/ERCC4/ERCC6/EXT1/FIGNL1/FRMPD1/GADD45A/GNAQ/GPSM2/GRB2/GTF2H5/H2AC25/H2AX/HMGN1/HSF1/ID2/INTS3/INTS7/JUND/KIT/KRAS/LIG4/MAP2K3/MAP2K7/MECP2/MEIS2/MME/MRNIP/MTCH2/N4BP1/NABP2/NF1/NHEJ1/NPM1/NSMCE3/OGG1/OPN3/PARP1/PARTICL/PAXIP1/PCNA/PER1/PIAS1/PLEKHB1/PLK3/PML/POLD3/POLH/PPM1D/PPP1CB/PRKDC/RAD51AP1/RAD54B/RAD9A/RBX1/RDH13/RELA/REV1/RGS9/RHBDD1/RIC8A/SDF4/SIK1/SIRT6/SNAI2/SOD2/SPRTN/TANC1/TIGAR/TMEM109/TOP1/TP53I13/TRIAP1/TRIM32/TXN/UIMC1/USP1/UVSSA/XPA/XRCC2/YY1",108
"GO:0000245","spliceosomal complex assembly","30/3301","96/18860",0.3125,1.7854438049076,3.55368783006367,0.000709007887895397,0.0212459079348263,0.0187605389531868,"CELF4/DDX39B/DDX42/GEMIN2/HTATSF1/LUC7L/PRPF6/PTBP2/RBMX2/RNU6ATAC/RSRP1/SCAF11/SF1/SF3A2/SF3B1/SNRPD2/SRPK1/SRPK2/SRSF1/SRSF10/SRSF12/SRSF5/SRSF6/SRSF9/TAF12-DT/TXNL4A/U2AF2/USP39/YTHDC1/ZRSR2",30
"GO:0090151","establishment of protein localization to mitochondrial membrane","14/3301","33/18860",0.424242424242424,2.42387522605638,3.77076610388682,0.000714704299918988,0.0213121335873404,0.0188190174582006,"AP3B1/CALM3/COX18/MOAP1/MTCH2/MTX2/OXA1L/ROMO1/TIMM13/TIMM29/TIMM8B/TOMM20/TOMM40/TOMM7",14
"GO:0032984","protein-containing complex disassembly","67/3301","264/18860",0.253787878787879,1.44999678701587,3.39150810766594,0.000766265954583657,0.0227387562153879,0.0200787522488758,"ABCE1/ADRB2/AFG2B/APC/APC2/ATAD2/BBOF1/BNIP3/CAPG/CAPZA1/CAPZA2/CARMIL2/CCDC88C/CFL1/CHMP1A/CHMP2A/CHMP2B/CHMP3/CHMP5/CHMP7/CKAP2/CLASP1/EIF5A/ELP6/GAK/GSPT1/H2AC25/HDGFL3/HMGA1/IGF1R/JMJD4/KIF2A/KIF5B/MAP1LC3B/MFSD8/MICAL3/MTPN/MTRFR/NAPB/NSF/PHF23/PPP1R10/RUBCN/SCAF4/SET/SMARCA4/SMARCB1/SMARCC1/SMARCD3/SNX14/SPAST/SPECC1L/SPTAN1/SPTBN1/SPTBN2/SPTBN4/STX17/SVIL/TAOK1/TBC1D25/TMOD3/TTBK2/TWF2/UBQLN1/UPF1/VPS4B/VTA1",67
"GO:1901992","positive regulation of mitotic cell cycle phase transition","32/3301","105/18860",0.304761904761905,1.74123281545275,3.50818110586534,0.000778116997675749,0.0229788850569655,0.0202907905623252,"AKT1/ANAPC11/ANAPC7/BRD4/CCNB1/CCND1/CCND3/CCNE2/CDC25B/CDC25C/CDC6/CDC7/CDK1/CDK10/CPSF3/DDX3X/DTL/FBXO5/MAD1L1/MEPCE/NEUROG1/NSMCE2/PLRG1/RCC2/SKA1/SKA3/SMARCD3/TFDP1/TMOD3/UBE2E2/VPS4B/WNT10B",32
"GO:0045333","cellular respiration","82/3301","336/18860",0.244047619047619,1.39434659049927,3.35947640220972,0.000784236314017181,0.0230482528249376,0.0203520436147779,"ACO2/ACTN3/ANTKMT/ATP5F1C/ATP5F1D/ATP5ME/ATP5MG/ATP5PO/ATPSCKMT/BCKDK/BID/CCNB1/CDK1/CISD1/COQ10B/COX6C/COX7A2L/COX8C/ENO1/ENO2/ENO3/ETFB/ETFDH/FKRP/FOXK1/FOXK2/GPI/HDAC4/IDH3A/IDH3G/IFNAR1/ISCU/LDHA/LIPA/MDH1B/MFSD8/MLST8/MPC2/MTCH2/MTFR1/MYBBP1A/NDUFA11/NDUFA12/NDUFA3/NDUFA9/NDUFB10/NDUFB11/NDUFB2/NDUFB4/NDUFS7/NDUFS8/NOS2/NR4A3/OPN3/OXA1L/PDK2/PFKM/PFKP/PGAM1/PINK1/PPARA/PPP2CA/PRELID1/PUM2/RAN/RHOA/SCO2/SDHA/SDHAF4/SDHD/SIRT6/SLC25A51/SOD2/SUCLA2/TIGAR/TMEM135/UQCC2/UQCR10/UQCR11/UQCRB/UQCRC1/UQCRFS1",82
"GO:1900151","regulation of nuclear-transcribed mRNA catabolic process, deadenylation-dependent decay","11/3301","23/18860",0.478260869565217,2.73250530142381,3.82933951588555,0.00079096475101735,0.0231347728371725,0.0204284424236564,"AGO2/CNOT1/DHX9/HNRNPU/PABPC1/SYNCRIP/TENT4A/TNRC6B/TNRC6C/YBX1/ZFP36L1",11
"GO:0006626","protein targeting to mitochondrion","26/3301","80/18860",0.325,1.85686155710391,3.53752168119796,0.000816579484361709,0.0237357373955897,0.020959105506743,"BAG3/BAG4/BAP1/BID/BNIP3L/CDKN2A/CSNK2A2/FBXO7/GDAP1/MTERF4/NPEPPS/PINK1/PRKN/SAE1/SREBF1/SREBF2/TIMM13/TIMM8B/TOMM20/TOMM34/TOMM40/TOMM7/UBE2D3/UBE2J2/UBL5/USP36",26
"GO:1902100","negative regulation of metaphase/anaphase transition of cell cycle","19/3301","52/18860",0.365384615384615,2.08759583343043,3.61733850203703,0.000823518217388799,0.0237357373955897,0.020959105506743,"APC/ATM/BUB3/CCNB1/CENPF/CHFR/FBXO5/GEN1/HASPIN/KLHL22/KNL1/MAD1L1/MAD2L1/RAD21/SKA1/SKA3/SPC24/SPDL1/ZWINT",19
"GO:1905819","negative regulation of chromosome separation","19/3301","52/18860",0.365384615384615,2.08759583343043,3.61733850203703,0.000823518217388799,0.0237357373955897,0.020959105506743,"APC/ATM/BUB3/CCNB1/CENPF/CHFR/FBXO5/GEN1/HASPIN/KLHL22/KNL1/MAD1L1/MAD2L1/RAD21/SKA1/SKA3/SPC24/SPDL1/ZWINT",19
"GO:0006301","postreplication repair","15/3301","37/18860",0.405405405405405,2.31625142258284,3.69136122959335,0.000827042706569706,0.0237357373955897,0.020959105506743,"CTBP1-DT/DTL/FAAP20/PARP10/PCNA/POLD3/POLH/POLN/RAD18/REV1/REV3L/SPRTN/UBE2V1/USP1/USP10",15
"GO:1902895","positive regulation of miRNA transcription","20/3301","56/18860",0.357142857142857,2.04050720560869,3.59174285379035,0.00084855626807197,0.0242393666669344,0.021403819688505,"BMP2/BMPR1A/EGR1/FOXA1/FOXO3/GATA2/MRTFB/MYB/NOTCH3/NR1H2/PAX6/POU2F1/PPARG/RELA/SMAD4/SMAD6/SMARCA4/SREBF1/SREBF2/TEAD1",20
"GO:0016925","protein sumoylation","23/3301","68/18860",0.338235294117647,1.93248035354705,3.54812488018962,0.000863137324945493,0.0245326080513855,0.0216627573828863,"CDKN2A/EGR1/HDAC4/HDAC7/NSMCE2/NSMCE3/NSMCE4A/PIAS1/PIAS4/PML/RANBP2/RELA/RNF212/SAE1/SENP1/SENP2/SMC5/SMC6/TOLLIP/TRIM28/UBA2/UBE2I/UHRF2",23
"GO:0032786","positive regulation of DNA-templated transcription, elongation","22/3301","64/18860",0.34375,1.96398818539836,3.55811706045517,0.000866848247848725,0.0245326080513855,0.0216627573828863,"BRD4/CCNK/CCNT2/CDC73/EAPP/ERCC6/GTF2F1/HMGN1/KAT7/LDB1/MED11/MED15/MED18/MED20/MED25/MED26/MED28/MED4/PARP1/PPP1R10/SUPT4H1/SUPT5H",22
"GO:0007033","vacuole organization","68/3301","270/18860",0.251851851851852,1.43893545165887,3.34606288176414,0.000876604846154083,0.0246944028780641,0.0218056252780894,"AP3B1/ARSG/ATG16L2/ATG4B/ATG7/ATG9A/ATM/ATP13A2/ATP6V1D/BAG3/BNIP3/CHMP1A/CHMP2A/CHMP2B/CHMP3/CHMP5/CHMP7/CLN5/CLN8/CLVS2/CTSD/EHMT2/EMC6/EPHB2/EXT1/FEZ1/GAA/GNPTAB/HOOK1/HOOK3/IRGQ/LIPA/LRBA/LYSET/MAP1LC3B/MFSD8/MOAP1/MYO7A/NAGPA/PACS2/PHF23/PINK1/RAB14/RAB1B/RAB33A/RAB33B/RAB3GAP2/RBX1/RETREG1/RETREG2/RETREG3/RNF5/SMURF1/SNX4/STX12/STX17/TBC1D12/TFE3/TMEM106B/TMEM175/TPCN2/TRIM32/UBQLN1/ULK3/VPS35/VPS4B/WDR45B/WIPI2",68
"GO:0046785","microtubule polymerization","33/3301","110/18860",0.3,1.7140260527113,3.45940187733898,0.000881102625323046,0.0247072493055036,0.0218169689167387,"BLOC1S2/CAMSAP1/CAMSAP3/CDK1/CDK5R1/CEP192/CLASP1/CLIP3/DCTN1/DYRK1A/EML2/FBXO5/FKBP4/GBA2/HAUS3/HAUS6/HDGFL3/MAPRE3/MAPT/MECP2/NDEL1/NUMA1/PCNT/PPP2CA/RAC1/SKA1/SSNA1/TPGS2/TPPP/TUBG1/TUBG2/TUBGCP3/TUBGCP4",33
"GO:0070979","protein K11-linked ubiquitination","16/3301","41/18860",0.390243902439024,2.22962738564071,3.63043308375828,0.000918616113087295,0.0256415538780942,0.022641977543435,"AKT1/ANAPC1/ANAPC10/ANAPC11/ANAPC13/ANAPC2/ANAPC7/FZR1/PRKN/RNF4/UBE2D3/UBE2D4/UBE2E2/UBE2S/UBE2T/YWHAE",16
"GO:2000628","regulation of miRNA metabolic process","28/3301","89/18860",0.314606741573034,1.79748050471597,3.47346258813398,0.000934457035217622,0.0259651629831151,0.0229277305100286,"BMP2/BMPR1A/EGR1/FOXA1/FOXO3/GATA2/MRTFB/MYB/NCOR2/NFATC3/NFIB/NOTCH3/NR1H2/PAX6/POU2F1/PPARA/PPARG/QKI/RELA/SMAD4/SMAD6/SMARCA4/SREBF1/SREBF2/TEAD1/TENT2/TWIST1/YY1",28
"GO:1901873","regulation of post-translational protein modification","63/3301","247/18860",0.255060728744939,1.45726911364119,3.33198784020016,0.000942999399680627,0.0260839607703515,0.0230326312053453,"AKT1/ARRB2/ARRDC3/BIRC8/CDC14B/CDKN2A/CEP63/CHFR/CRY1/DCUN1D2/DCUN1D4/DDX3X/DNAJA3/EGR1/FBXO5/FZR1/HDAC4/HSP90AA1/ITCH/MAD2L1/N4BP1/NOD2/NPM1/NSMCE3/OTUD4/PARP10/PAXIP1/PHF23/PIAS1/PIAS4/PINK1/PPIA/PRKCE/PRKN/PRMT3/PTTG1IP/RASSF1/RASSF5/RBX1/RELA/RIPK2/RNF111/RPL5/SAE1/SENP2/SIAH2/SIRT7/SPOPL/SPRTN/SPSB4/STUB1/SVBP/TBC1D7/TCF25/TOLLIP/U2AF2/UBA2/UBB/UBE2S/UBE2V1/UBE3A/UBQLN1/VPS28",63
"GO:0031123","RNA 3'-end processing","31/3301","102/18860",0.303921568627451,1.73643162202779,3.43502973447617,0.000980712973120438,0.0270049477688524,0.0238458801619801,"ANKZF1/CCNB1/CDC73/CPSF1/CPSF3/CSTF1/DKC1/ELAC1/EXOSC2/EXOSC5/EXOSC8/FBL/HSD17B10/INTS11/INTS2/INTS7/LARP7/NEMF/PAPOLA/PAPOLB/PARN/PTCD1/RPRD2/SLBP/SSU72/TENT2/TENT4A/YTHDC1/ZC3H3/ZFP36L1/ZNF473",31
"GO:0050803","regulation of synapse structure or activity","80/3301","329/18860",0.243161094224924,1.38928150169102,3.28097967395363,0.00100920655954846,0.0276649313834966,0.0244286581891173,"ABI2/ADAM10/ADGRB2/ADGRB3/AGAP1/AGO2/AKT1/AMIGO1/ANAPC2/ARF4/ARHGAP12/ASIC1/CAMK2B/CAPRIN1/CARMIL3/CBLN1/CBLN2/CC2D1A/CDC42/CDK5R1/CFL1/CHD4/CHMP2B/CLSTN1/CNTNAP1/CRIPT/CRMP1/CRTAC1/CTNNA2/CUX2/DAB1/DAG1/DCTN1/DISC1/EPHB2/EPHB3/ETV5/FARP1/IL10RA/KIF1A/KIF5B/LINGO2/LRFN2/LRFN4/LRFN5/LRP8/LRRC24/MAPRE3/MEF2C/MRTFB/NAE1/NCKIPSD/NECTIN1/NF1/NRCAM/NRXN2/NTRK2/PAFAH1B1/PRKCA/PUM2/RAC1/RHOA/ROCK1/RTN4RL2/SENP1/SETD5/SIPA1L1/SIX4/SLITRK4/SRCIN1/SRGAP1/STAU2/STRN4/TANC1/TANC2/TUBB/UBE2M/VPS35/WNT7A/ZDHHC17",80
"GO:0007034","vacuolar transport","48/3301","178/18860",0.269662921348315,1.54069757547083,3.3384431991733,0.00103785818198977,0.028323335118319,0.0250100411524602,"ADRB2/AP3B1/ATP13A2/ATP6V0D1/CHMP1A/CHMP2A/CHMP2B/CHMP3/CHMP5/CHMP7/DENND3/GAK/GNPTAB/GNPTG/HGS/HOOK1/HOOK3/LEPROTL1/LIPA/LRP1/LYPLA1/LYSET/LYST/MFSD1/MVB12B/NAGPA/NCOA4/PINK1/PLEKHF2/PRKN/PSAP/PTPN23/RAB12/RBSN/SLC30A4/SMURF1/SNX32/TMEM106B/TPCN2/VPS13C/VPS28/VPS35/VPS37C/VPS4B/VTA1/VTI1B/ZDHHC12/ZFYVE16",48
"GO:0090398","cellular senescence","33/3301","111/18860",0.297297297297297,1.69858437656075,3.40002848515478,0.00104655822262975,0.0284338240663808,0.0251076049854754,"ATM/BCL2L12/BMPR1A/CDKN2A/DNAJA3/FBXO5/FZR1/HMGA1/HMGA2/ID2/ING2/KRAS/MAP2K3/MAP2K7/MNT/MORC3/NEK6/NPM1/NSMCE2/NUAK1/NUP62/OPA1/PML/RSL1D1/SIRT6/SMC5/SMC6/TBX3/TWIST1/ULK3/VASH1/WNT16/YBX1",33
"GO:0006360","transcription by RNA polymerase I","24/3301","73/18860",0.328767123287671,1.87838471530005,3.46344850157492,0.00106251123221561,0.0287395184182923,0.0253775388858951,"DDX11/DEK/DHX33/ERCC2/ERCC6/GTF2H5/HEATR1/LYAR/MYBBP1A/MYO1C/NCL/POLR1A/POLR2E/POLR2F/PRR7/PWP1/SF3B1/SIRT7/SMARCA4/SMARCA5/SMARCB1/SPTY2D1/TAF1B/WDR43",24
"GO:0051985","negative regulation of chromosome segregation","19/3301","53/18860",0.358490566037736,2.04820723279967,3.51978856977792,0.00107564935560745,0.0289667159067329,0.0255781585696964,"APC/ATM/BUB3/CCNB1/CENPF/CHFR/FBXO5/GEN1/HASPIN/KLHL22/KNL1/MAD1L1/MAD2L1/RAD21/SKA1/SKA3/SPC24/SPDL1/ZWINT",19
"GO:0006513","protein monoubiquitination","21/3301","61/18860",0.344262295081967,1.96691514245559,3.48399206477567,0.00110120574373071,0.0293959419712918,0.0259571733111977,"ATM/DTL/ITCH/KLHL22/PRKN/RAD18/RBX1/RNF126/RNF152/SKP1/STUB1/TRIM37/TRIM41/UBB/UBE2D3/UBE2E2/UBE2R2/UBE2T/UBE3D/USP10/ZC4H2",21
"GO:0010965","regulation of mitotic sister chromatid separation","21/3301","61/18860",0.344262295081967,1.96691514245559,3.48399206477567,0.00110120574373071,0.0293959419712918,0.0259571733111977,"ANAPC11/ANAPC7/APC/ATM/BUB3/CCNB1/CENPF/FBXO5/GEN1/HASPIN/KLHL22/KNL1/MAD1L1/MAD2L1/NSMCE2/RAD21/SKA1/SKA3/SPC24/SPDL1/ZWINT",21
"GO:0042274","ribosomal small subunit biogenesis","32/3301","107/18860",0.299065420560748,1.70868640768728,3.38611627614,0.00110815171572198,0.0294527453835152,0.0260073317996445,"AATF/BYSL/DDX52/ERCC2/FBL/GTF2H5/HEATR1/KRI1/MPHOSPH10/NAT10/NOB1/NOL7/NOP56/NPM1/PRKDC/PWP2/RIOK2/RPP40/RPS15/RPS16/RPS23/RPS5/RPS9/RPSA2/RRP7A/RRP7BP/RRP9/TSR3/UTP18/UTP20/UTP4/WDR43",32
"GO:0006913","nucleocytoplasmic transport","84/3301","350/18860",0.24,1.37122084216904,3.22889867281063,0.00116451686015984,0.0306840153713668,0.027094566510434,"ADAR/AKIRIN2/AKT1/ALKBH5/ALYREF/APPL2/BACH2/BAG3/CABP1/CCHCR1/CDAN1/CDK1/CDKN2A/CFL1/CITED1/CTDSPL2/DDX25/DDX39A/DDX39B/DHX9/EIF4ENIF1/EMD/FAM53B/FAM53C/FMR1/FYTTD1/GLE1/HEATR3/HNRNPA1/HSP90AA1/HSPA12A/ING1/IPO11/IPO5/IPO9/IWS1/JAK2/KHDRBS1/NEMF/NF1/NPM1/NSUN2/NUP107/NUP155/NUP210/NUP214/NUP50/NUP62/NXF1/PCID2/PKD1/PML/POLA2/PPM1A/PPP1R10/PPP1R12A/PTTG1IP/RAE1/RAN/RANBP1/RANBP2/RANBP3/RBM33/RIOK2/RPS15/SEH1L/SIRT6/SIRT7/SMG6/SMG7/SMURF1/SUFU/TBK1/THOC3/THOC6/TRIM28/TXN/UBE2I/UPF1/UPF2/XPO5/XPO7/YTHDC1/YWHAE",84
"GO:0051169","nuclear transport","84/3301","350/18860",0.24,1.37122084216904,3.22889867281063,0.00116451686015984,0.0306840153713668,0.027094566510434,"ADAR/AKIRIN2/AKT1/ALKBH5/ALYREF/APPL2/BACH2/BAG3/CABP1/CCHCR1/CDAN1/CDK1/CDKN2A/CFL1/CITED1/CTDSPL2/DDX25/DDX39A/DDX39B/DHX9/EIF4ENIF1/EMD/FAM53B/FAM53C/FMR1/FYTTD1/GLE1/HEATR3/HNRNPA1/HSP90AA1/HSPA12A/ING1/IPO11/IPO5/IPO9/IWS1/JAK2/KHDRBS1/NEMF/NF1/NPM1/NSUN2/NUP107/NUP155/NUP210/NUP214/NUP50/NUP62/NXF1/PCID2/PKD1/PML/POLA2/PPM1A/PPP1R10/PPP1R12A/PTTG1IP/RAE1/RAN/RANBP1/RANBP2/RANBP3/RBM33/RIOK2/RPS15/SEH1L/SIRT6/SIRT7/SMG6/SMG7/SMURF1/SUFU/TBK1/THOC3/THOC6/TRIM28/TXN/UBE2I/UPF1/UPF2/XPO5/XPO7/YTHDC1/YWHAE",84
"GO:0010569","regulation of double-strand break repair via homologous recombination","27/3301","86/18860",0.313953488372093,1.79374819469787,3.39816780852765,0.00118291809498229,0.0310351000627757,0.0274045809400008,"ACTB/ATM/C1QBP/EPC1/EPC2/ERCC6/FIGNL1/FUS/H2AX/MBTD1/MEAF6/MORF4L1/MRGBP/MRNIP/PARP1/PIAS4/PPP4R2/RAD51AP1/RECQL5/RNF126/RTEL1/SENP3/SHLD2/SIRT6/SMCHD1/TEX15/YEATS4",27
"GO:0015980","energy derivation by oxidation of organic compounds","101/3301","434/18860",0.232718894009217,1.32962082429986,3.19989129149185,0.00120263871413491,0.0314176515363535,0.0277423811339803,"ACO2/ACTN3/AKT1/AKT2/ANTKMT/ATP5F1C/ATP5F1D/ATP5ME/ATP5MG/ATP5PO/ATPSCKMT/BCKDK/BID/CCNB1/CDK1/CISD1/COQ10B/COX6C/COX7A2L/COX8C/DYRK2/ENO1/ENO2/ENO3/EPM2AIP1/ETFB/ETFDH/FKRP/FOXK1/FOXK2/GAA/GPI/GRB10/HDAC4/IDH3A/IDH3G/IFNAR1/IGF2/INPP5K/IRS1/ISCU/KHK/LDHA/LIPA/MDH1B/MFSD8/MLST8/MPC2/MT3/MTCH2/MTFR1/MYBBP1A/NDUFA11/NDUFA12/NDUFA3/NDUFA9/NDUFB10/NDUFB11/NDUFB2/NDUFB4/NDUFS7/NDUFS8/NOS2/NR1D1/NR4A3/OPN3/OXA1L/PDK2/PFKM/PFKP/PGAM1/PHKB/PHKG2/PINK1/PPARA/PPP1CB/PPP1R3D/PPP2CA/PRELID1/PUM2/PYGB/RAN/RHOA/SCO2/SDHA/SDHAF4/SDHD/SIRT6/SLC25A51/SOD2/SUCLA2/TIGAR/TMEM135/UQCC2/UQCR10/UQCR11/UQCRB/UQCRC1/UQCRFS1/WDR45B/WIPI2",101
"GO:1900407","regulation of cellular response to oxidative stress","11/3301","24/18860",0.458333333333333,2.61865091386449,3.6547336237886,0.00123075929275248,0.0320153648888049,0.0282701733406444,"BMP7/FADS2/FUT8/MAPKAP1/MIR132/NFE2L2/OXR1/PINK1/PNPLA8/PRKN/TBC1D24",11
"GO:0099003","vesicle-mediated transport in synapse","65/3301","259/18860",0.250965250965251,1.43386992826557,3.23841526292711,0.00123599314800555,0.0320153648888049,0.0282701733406444,"ACTB/ACTG1/AP2A2/AP2M1/ARHGDIA/ATP6V0D1/ATP6V1B2/ATP6V1D/ATP6V1G1/ATP8A1/BRSK1/BSN/BTBD9/CACNB4/CADPS2/CALM3/CALY/CANX/CASK/CLSTN1/CTBP1/DGKQ/DNAJC5/DNM1/DNM2/DNM3/ERC2/FCHO2/FMR1/GAK/GRIPAP1/MX1/NAPB/NRG1/NSG1/PCDH17/PCLO/PFN2/PPFIA3/PPP3CC/PRKAR1B/PRKN/RAB4A/RAB8A/RABEP1/RAC1/RIMS2/RIMS4/ROCK1/SLC2A4/SNAP23/SNAP47/STX3/STXBP5/SUSD4/SYN1/SYN3/SYNGR3/SYP/SYT17/TBC1D24/UNC13B/VAC14/VPS35/WNT7A",65
"GO:1902903","regulation of supramolecular fiber organization","93/3301","395/18860",0.235443037974684,1.34518500339368,3.19350105020448,0.00125663423659452,0.0324126796974782,0.0286210098390261,"ABI2/ABITRAM/ACTG1/AKAP13/APC/APC2/ARAP1/ARF1/ARHGAP28/ARHGAP35/ARHGEF10/ARHGEF18/ARHGEF5/ARPC2/ARPC5/BAG4/BBOF1/BRK1/CAMSAP1/CAMSAP3/CAPG/CAPZA1/CAPZA2/CARMIL2/CARMIL3/CCDC88C/CD47/CDC42/CDC42EP3/CDC42EP4/CDK5R1/CFL1/CKAP2/CLASP1/CLIP3/CTNNA2/CYRIB/DAPK3/DCTN1/DYRK1A/EML2/FKBP4/GBA2/GRB2/HAUS3/HAUS6/HDGFL3/INPP5K/ITGB1BP1/KANK1/KANK2/KANK3/KIRREL1/MAPRE3/MAPT/MECP2/MLST8/MTPN/MTSS1/NCKAP1/NUMA1/PFDN1/PFN1/PFN2/PPM1F/PPP2CA/PRKCE/PRKN/PTGER4/PXN/PYCARD/RAC1/RASA1/RHOA/RHPN1/RNH1/ROCK1/SKA1/SMAD4/SORBS3/SPAST/SPECC1L/SPTAN1/SPTBN1/SPTBN2/SPTBN4/SSH1/SSH2/SVIL/TAOK1/TMOD3/TTBK2/TWF2",93
"GO:0000723","telomere maintenance","45/3301","166/18860",0.271084337349398,1.54881872232949,3.27132050061202,0.00130143271758283,0.0332613916313753,0.0293704385452388,"ACD/ACTR8/ATM/CCNE2/CCT3/CCT5/DKC1/DNA2/ERCC4/HNRNPA1/HNRNPU/HSP90AA1/INO80C/INO80E/LTO1/MAP2K7/NABP2/NAT10/NHEJ1/NSMCE2/NSMCE3/NSMCE4A/PARN/PARP1/PARP3/PCNA/PKIB/PML/PPP1R10/PRKDC/PTGES3/RECQL4/RPA1/RTEL1/SHLD2/SIRT6/SLX4/SMC5/SMC6/SMG6/TNKS2/UPF1/XRCC1/YLPM1/YY1",45
"GO:0030833","regulation of actin filament polymerization","37/3301","130/18860",0.284615384615385,1.62612728077739,3.29956483273904,0.00131510351589503,0.0332613916313753,0.0293704385452388,"ABITRAM/ARHGAP28/ARPC2/ARPC5/BAG4/CAPG/CAPZA1/CAPZA2/CARMIL2/CDC42EP3/CDC42EP4/CFL1/CYRIB/GBA2/GRB2/KANK1/KANK2/KANK3/KIRREL1/MLST8/MTPN/NCKAP1/PFN1/PFN2/PRKCE/PYCARD/RAC1/RASA1/SPTAN1/SPTBN1/SPTBN2/SPTBN4/SSH1/SSH2/SVIL/TMOD3/TWF2",37
"GO:0044786","cell cycle DNA replication","17/3301","46/18860",0.369565217391304,2.11148136928204,3.47641636319195,0.00131674411496693,0.0332613916313753,0.0293704385452388,"CDC45/CDC7/CDK1/CDT1/DNA2/FBXO5/FZR1/GMNN/MCM2/MCM4/MCM6/PCNA/POLA1/RECQL5/RTEL1/SENP2/UPF1",17
"GO:1903214","regulation of protein targeting to mitochondrion","17/3301","46/18860",0.369565217391304,2.11148136928204,3.47641636319195,0.00131674411496693,0.0332613916313753,0.0293704385452388,"BAG3/BAG4/BAP1/BNIP3L/CDKN2A/CSNK2A2/NPEPPS/PINK1/PRKN/SAE1/SREBF1/SREBF2/TOMM7/UBE2D3/UBE2J2/UBL5/USP36",17
"GO:1905168","positive regulation of double-strand break repair via homologous recombination","17/3301","46/18860",0.369565217391304,2.11148136928204,3.47641636319195,0.00131674411496693,0.0332613916313753,0.0293704385452388,"ACTB/ATM/EPC1/EPC2/ERCC6/FUS/H2AX/MBTD1/MEAF6/MORF4L1/MRGBP/MRNIP/PARP1/PIAS4/RAD51AP1/RNF126/YEATS4",17
"GO:0033046","negative regulation of sister chromatid segregation","18/3301","50/18860",0.36,2.05683126325356,3.44657321470513,0.00136414214125424,0.033898377680842,0.0299329092869137,"APC/ATM/BUB3/CCNB1/CENPF/FBXO5/GEN1/HASPIN/KLHL22/KNL1/MAD1L1/MAD2L1/RAD21/SKA1/SKA3/SPC24/SPDL1/ZWINT",18
"GO:0033048","negative regulation of mitotic sister chromatid segregation","18/3301","50/18860",0.36,2.05683126325356,3.44657321470513,0.00136414214125424,0.033898377680842,0.0299329092869137,"APC/ATM/BUB3/CCNB1/CENPF/FBXO5/GEN1/HASPIN/KLHL22/KNL1/MAD1L1/MAD2L1/RAD21/SKA1/SKA3/SPC24/SPDL1/ZWINT",18
"GO:0045841","negative regulation of mitotic metaphase/anaphase transition","18/3301","50/18860",0.36,2.05683126325356,3.44657321470513,0.00136414214125424,0.033898377680842,0.0299329092869137,"APC/ATM/BUB3/CCNB1/CENPF/FBXO5/GEN1/HASPIN/KLHL22/KNL1/MAD1L1/MAD2L1/RAD21/SKA1/SKA3/SPC24/SPDL1/ZWINT",18
"GO:2000816","negative regulation of mitotic sister chromatid separation","18/3301","50/18860",0.36,2.05683126325356,3.44657321470513,0.00136414214125424,0.033898377680842,0.0299329092869137,"APC/ATM/BUB3/CCNB1/CENPF/FBXO5/GEN1/HASPIN/KLHL22/KNL1/MAD1L1/MAD2L1/RAD21/SKA1/SKA3/SPC24/SPDL1/ZWINT",18
"GO:0015931","nucleobase-containing compound transport","61/3301","241/18860",0.253112033195021,1.44613539716998,3.21061536412077,0.00137432922689944,0.0340132573442763,0.0300343502047318,"ABCC5/ALKBH5/ALYREF/ATXN2/CALHM6/CD47/DDX25/DDX39A/DDX39B/DHX9/FMR1/FXR2/FYTTD1/G3BP2/GLE1/HNRNPA1/HSF1/IWS1/KHDRBS1/KHSRP/LRRC8A/NSUN2/NUP107/NUP155/NUP210/NUP214/NUP50/NUP62/NXF1/PCID2/QKI/RAE1/RAN/RANBP2/RBFOX1/RBM33/SEH1L/SENP2/SLBP/SLC25A24/SLC25A31/SLC25A4/SLC25A51/SLC25A52/SLC35A4/SLC35B3/SLC35D1/SLC35E3/SMG6/SMG7/SRSF1/THOC3/THOC6/TOMM20/UPF1/UPF2/XPO5/YBX1/YTHDC1/ZC3H3/ZFP36L1",61
"GO:1904356","regulation of telomere maintenance via telomere lengthening","19/3301","54/18860",0.351851851851852,2.0102774692293,3.42436921182347,0.00139082046029456,0.0341068315617312,0.0301169780103761,"ACD/ATM/CCT3/CCT5/DKC1/ERCC4/HNRNPA1/HNRNPU/HSP90AA1/NAT10/PARN/PARP1/PARP3/PML/PTGES3/RTEL1/SLX4/SMG6/TNKS2",19
"GO:0031110","regulation of microtubule polymerization or depolymerization","31/3301","104/18860",0.298076923076923,1.70303870621956,3.31144118329854,0.00139374345550538,0.0341068315617312,0.0301169780103761,"APC/APC2/BBOF1/CAMSAP1/CAMSAP3/CCDC88C/CDK5R1/CKAP2/CLASP1/CLIP3/DCTN1/DYRK1A/EML2/FKBP4/GBA2/HAUS3/HAUS6/HDGFL3/MAPRE2/MAPRE3/MAPT/MECP2/NUMA1/PPP2CA/RAC1/SKA1/SKA3/SPAST/SPECC1L/TAOK1/TTBK2",31
"GO:0060997","dendritic spine morphogenesis","20/3301","58/18860",0.344827586206897,1.97014488817391,3.40831577221637,0.00139992407554086,0.0341068315617312,0.0301169780103761,"ABI2/CAMK2B/CAPRIN1/CDC42/CDK5R1/CFL1/CUX2/DIP2A/DLG4/EPHB2/EPHB3/KIF1A/LRP8/MAPRE3/PAFAH1B1/SIPA1L1/SRCIN1/STAU2/TANC2/WNT7A",20
"GO:0006413","translational initiation","44/3301","162/18860",0.271604938271605,1.55179313414192,3.24883364374844,0.00140303387694856,0.0341068315617312,0.0301169780103761,"ABCE1/AGO2/AKT1/AKT1S1/AKT2/ATAD3A/CAPRIN1/CTIF/DDX3X/DHX33/EIF1/EIF2A/EIF2AK1/EIF2B3/EIF2D/EIF2S1/EIF2S2/EIF2S3/EIF3A/EIF3B/EIF3K/EIF4E3/EIF4EBP1/EIF4H/EIF5B/FMR1/KHDRBS1/LTO1/MIF4GD/MTFMT/NPM1/NPRL2/OMA1/PAIP2/PML/POLR2G/RNF152/RPL13A/RPS5/SLBP/TBK1/YTHDF1/YTHDF2/YWHAG",44
"GO:1901989","positive regulation of cell cycle phase transition","36/3301","126/18860",0.285714285714286,1.63240576448695,3.28062875027557,0.00140712940056477,0.0341068315617312,0.0301169780103761,"AKT1/ANAPC11/ANAPC7/BRD4/CCNB1/CCND1/CCND3/CCNE2/CDC25B/CDC25C/CDC6/CDC7/CDC73/CDK1/CDK10/CPSF3/DDX3X/DTL/EZH2/FBXO5/MAD1L1/MEPCE/NEUROG1/NPM1/NSMCE2/PLRG1/PPP1R10/RCC2/SKA1/SKA3/SMARCD3/TFDP1/TMOD3/UBE2E2/VPS4B/WNT10B",36
"GO:0044782","cilium organization","102/3301","441/18860",0.231292517006803,1.3214713331561,3.1464423151226,0.00141158651809553,0.0341068315617312,0.0301169780103761,"AHI1/AKT1/ARF4/ARHGAP35/ARMC2/ATP6V0D1/ATP6V1D/AURKA/B9D1/BBOF1/C2CD3/CBY1/CCDC181/CCDC88C/CDC14A/CDC14B/CDK1/CDK10/CEP120/CEP19/CEP20/CEP250/CEP41/CFAP119/CFAP206/CFAP221/CFAP44/CFAP46/CFAP70/CIMAP3/CNTROB/CPLANE1/DAW1/DCTN1/DISC1/DNAAF1/DNAAF5/DNAH2/DNAI1/DNAI4/DNAJB13/DNAL1/DNMBP/DYNC2I1/DYNLL1/DYNLT2B/EHD1/ELMOD1/FAM161A/FSIP2/GALNT11/GK2/HYLS1/IFT122/IFT140/IFT172/IFT27/IFT80/IFT81/KIF3A/LCA5L/MEIG1/MPHOSPH9/ODAD2/ODAD4/ONECUT1/PCNT/PFN4/PKD2/PLK4/POC1A/PTPN23/RAB3IP/RAB8A/RFX2/RFX4/RILPL1/RPGR/RRP7A/SEPTIN2/SEPTIN9/SNX10/SPEF2/SSNA1/SSX2IP/TAPT1/TBC1D32/TBC1D7/TEKT1/TMEM237/TMEM80/TPGS2/TRAF3IP1/TRIM32/TTBK2/TTLL5/TXNDC15/VDAC3/WDR35/WDR44/ZMYND10/ZMYND12",102
"GO:0051648","vesicle localization","57/3301","223/18860",0.255605381165919,1.46038094177196,3.18546632216253,0.00151768933767802,0.0365261217371091,0.0322532570394235,"ACTN4/AP1M2/AP3B1/ARFGAP3/ATP13A2/ATP9A/BLOC1S2/BLOC1S5/BRSK1/BSN/CADPS2/CEP19/CHMP2A/CLASP1/CTBP1/DCTN1/DNM1/DNM2/DNM3/EXOC6/EXOC7/EXOC8/GPR143/HGS/KIF1A/KIF1B/KIF1C/KIF3A/KIF5B/MLPH/MX1/MYO1C/MYO7A/NDEL1/PAFAH1B1/PCDH17/PCLO/PDCD6IP/PINK1/PPP6C/PREB/PRKN/RASGRP1/SEC16A/SHROOM2/SLC2A4/SNAP23/SYN1/SYN3/TANC2/TRAPPC1/TRAPPC11/TRAPPC3/TRAPPC5/TRAPPC9/UNC13B/VPS4B",57
"GO:0000910","cytokinesis","51/3301","195/18860",0.261538461538462,1.49427912287652,3.19570607238948,0.0015378685084008,0.0368666282033494,0.0325539306958898,"ALKBH4/ANLN/APC/ARF1/AURKA/CALM3/CDC14A/CDC14B/CDC25B/CDC42/CDC6/CENPA/CEP55/CFL1/CHMP1A/CHMP2A/CHMP2B/CHMP3/CHMP5/CHMP7/CKAP2/CNTROB/EFHC1/EXOC6/EXOC7/EXOC8/FSD1/IQGAP2/KLHL13/MITD1/NOX5/NUP62/PDCD6IP/PLK3/PRKCE/PRPF40A/RAB35/RASA1/RHOA/ROCK1/RXFP3/SEPTIN2/SEPTIN3/SEPTIN9/SPART/SPAST/SPIRE2/SPTBN1/SVIL/VPS4B/ZFYVE19",51
"GO:0045911","positive regulation of DNA recombination","25/3301","79/18860",0.316455696202532,1.80804435940011,3.31497795253926,0.00156006393884635,0.0372526205397177,0.0328947692368589,"ACTB/ATM/EPC1/EPC2/ERCC2/ERCC6/FUS/H2AX/MBTD1/MEAF6/MLH1/MORF4L1/MRGBP/MRNIP/PARP1/PAXIP1/PIAS4/PMS2/PRDM9/RAD51AP1/RNF126/SHLD2/TFRC/YEATS4/ZCWPW1",25
"GO:0044774","mitotic DNA integrity checkpoint signaling","24/3301","75/18860",0.32,1.82829445622539,3.31055676248963,0.00161827952045865,0.0384923840800144,0.0339895039152649,"ABRAXAS1/ATM/BABAM2/BRSK1/CCND1/CDC14B/CDC6/CDK1/DTL/FBXO31/FOXO4/FZR1/MRNIP/NAE1/PPP1R10/PRKDC/RAD9A/SETMAR/TAOK1/TAOK2/TRIAP1/TRIM39/UIMC1/WAC",24
"GO:0000578","embryonic axis specification","16/3301","43/18860",0.372093023255814,2.12592378630859,3.40454658833728,0.00166516943526303,0.0394402700923563,0.0348265052103977,"C2CD3/CHRDL1/FRS2/HOXD8/LHX1/NCKAP1/NEUROG1/PCSK6/RIPPLY2/SMAD2/SMAD4/SMAD6/TBX3/TDRD5/TDRD7/WNT7A",16
"GO:0051205","protein insertion into membrane","23/3301","71/18860",0.323943661971831,1.8508262541014,3.30833497111444,0.00167103385472277,0.0394402700923563,0.0348265052103977,"BAG6/CCDC47/COX18/EMC10/EMC6/GET1/MOAP1/MTCH2/MTX2/NOMO1/NOMO2/NOMO3/OXA1L/RAB5IF/ROMO1/SGTA/TIMM13/TIMM29/TIMM8B/TOMM20/TOMM40/TOMM7/TRAM2",23
"GO:0120032","regulation of plasma membrane bounded cell projection assembly","54/3301","210/18860",0.257142857142857,1.46916518803826,3.14910586952829,0.00172127244358362,0.0400592115010192,0.0353730421926053,"ABI2/ABITRAM/AKT1/ANLN/APC/ARAP1/ARF4/ARHGAP35/ARPC2/ATP8B1/AUTS2/BRK1/CARMIL2/CDC42/CDC42EP3/CDC42EP4/CDK10/CEP120/CFL1/CNTROB/DPYSL3/DYNLT2B/EPHA2/EPHB2/EPS8L2/FAM98A/FMR1/HSP90AA1/IFT140/KANK1/KIT/MPHOSPH9/MYO10/NCKAP1/NDEL1/PFN1/PFN2/RAB3IP/RAC1/RAP1GAP/RAPGEF6/RCC2/RHOQ/SEPTIN9/SH3YL1/STAU2/TAPT1/TBC1D7/TENM2/TRIM32/TTBK2/TWF2/WDR44/ZMYND10",54
"GO:0000731","DNA synthesis involved in DNA repair","17/3301","47/18860",0.361702127659574,2.0665562337654,3.37205703471996,0.00173083492218737,0.0400592115010192,0.0353730421926053,"DTL/FAAP20/PARP10/PCNA/POLA1/POLD3/POLE/POLH/POLN/REV1/REV3L/RFC3/SPATA22/SPRTN/USP1/USP10/WRNIP1",17
"GO:0072331","signal transduction by p53 class mediator","51/3301","196/18860",0.260204081632653,1.48665524980062,3.15455669767666,0.00173178344643539,0.0400592115010192,0.0353730421926053,"AKT1/ATM/AURKA/BAG6/BCL2L12/BOP1/CASP2/CDKN2A/DVL2/DYRK1A/DYRK2/EIF5A/ERCC2/FBXO31/FOXO3/GTSE1/HAPSTR1/HINT1/HNRNPK/ING2/JMY/KDM8/MYBBP1A/NDRG1/NPM1/NUAK1/PAXIP1/PDK2/PERP/PIP4P1/PLK3/PML/POU4F1/PPM1D/PRKN/PTTG1IP/PYCARD/RBX1/RPL5/RPS15/SMARCA4/SNAI2/SNW1/TMEM109/TP53BP2/TRIAP1/TWIST1/UBB/URB2/USP10/ZNHIT1",51
"GO:0006283","transcription-coupled nucleotide-excision repair","7/3301","12/18860",0.583333333333333,3.33282843582753,3.72333436696046,0.00173848659629775,0.0400592115010192,0.0353730421926053,"ELOF1/ERCC2/ERCC6/HMGN1/POLR2I/RBX1/UVSSA",7
"GO:0044557","relaxation of smooth muscle","7/3301","12/18860",0.583333333333333,3.33282843582753,3.72333436696046,0.00173848659629775,0.0400592115010192,0.0353730421926053,"ABCC8/ADORA2B/GNAI1/GRK2/NPR3/RGS2/SLC8A1",7
"GO:0006271","DNA strand elongation involved in DNA replication","8/3301","15/18860",0.533333333333333,3.04715742704231,3.65333966391123,0.00174312943878147,0.0400592115010192,0.0353730421926053,"DNA2/LIG3/MCM4/PCNA/POLA1/POLD3/POLE/RFC3",8
"GO:0060211","regulation of nuclear-transcribed mRNA poly(A) tail shortening","8/3301","15/18860",0.533333333333333,3.04715742704231,3.65333966391123,0.00174312943878147,0.0400592115010192,0.0353730421926053,"AGO2/CNOT1/EIF4ENIF1/PABPC1/POLR2G/TENT4A/TNRC6B/TNRC6C",8
"GO:0072599","establishment of protein localization to endoplasmic reticulum","18/3301","51/18860",0.352941176470588,2.01650123848388,3.34812295886675,0.00176795695317783,0.040326570353642,0.0356091251213507,"BAG6/EDEM1/GET1/RAB10/RAB3GAP2/SEC61B/SEC61G/SGTA/SNAP25-AS1/SPCS1/SPCS3/SRP14/SRP54/SRP68/SRPRB/TRAM2/TTC9-DT/ZFAND2A",18
"GO:0098534","centriole assembly","18/3301","51/18860",0.352941176470588,2.01650123848388,3.34812295886675,0.00176795695317783,0.040326570353642,0.0356091251213507,"C2CD3/CEP120/CEP192/CEP295/CEP44/CEP63/CEP72/CHMP2A/CNTROB/DEUP1/MDM1/NPM1/NUP62/PLK4/RBM14/SPICE1/TRIM37/VPS4B",18
"GO:0036258","multivesicular body assembly","13/3301","32/18860",0.40625,2.32107694637988,3.44502406729209,0.00177769941290368,0.0403980539445361,0.0356722464855022,"CHMP1A/CHMP2A/CHMP2B/CHMP3/CHMP5/CHMP7/HGS/MVB12B/PDCD6IP/VPS28/VPS37C/VPS4B/VTA1",13
"GO:0034453","microtubule anchoring","11/3301","25/18860",0.44,2.51390487730991,3.48880770036946,0.00185300659540828,0.0417986321687484,0.0369089835744947,"BCCIP/CAMSAP3/CCDC120/CEP19/CEP20/CLASP1/DAG1/DCTN1/HOOK3/KIF3A/NINL",11
"GO:0046755","viral budding","11/3301","25/18860",0.44,2.51390487730991,3.48880770036946,0.00185300659540828,0.0417986321687484,0.0369089835744947,"CHMP1A/CHMP2A/CHMP2B/CHMP3/CHMP5/CHMP7/MVB12B/PDCD6IP/VPS28/VPS37C/VPS4B",11
"GO:0051656","establishment of organelle localization","93/3301","400/18860",0.2325,1.32837019085126,3.05751871988543,0.00188892745412049,0.0424522556141124,0.0374861454517411,"ACTN4/ADORA2B/AP1M2/AP3B1/ARFGAP3/ATP13A2/ATP9A/BCCIP/BLOC1S2/BLOC1S5/BORCS8/CADPS2/CDC42/CENPA/CEP120/CEP19/CFL1/CHMP2A/CLASP1/CLMN/COPG1/DCTN1/DNM1/DNM1L/DNM2/DNM3/DYNC1H1/DYNLT1/EXOC6/EXOC7/EXOC8/FEZ1/GATA2/GPR143/GPSM2/HGS/HOOK3/IL13/KIF1A/KIF1B/KIF1C/KIF3A/KIF5B/KIT/KXD1/LLGL1/MAD2L1/MAPT/MLPH/MX1/MYO1C/MYO7A/NDEL1/NPM1/NR4A3/NUMA1/OPA1/PAFAH1B1/PARD3/PARD3B/PAX6/PDCD6IP/PDPK1/PINK1/PKD1/PPP6C/PREB/PRKN/RAN/RASGRP1/RIOK2/RPS15/SEC16A/SHROOM2/SKA1/SKA3/SLC2A4/SNAP23/SNX4/SPAST/SPDL1/SPIRE2/TACC1/TANC2/TRAPPC1/TRAPPC11/TRAPPC3/TRAPPC5/TRAPPC9/TSPAN9/UBB/UNC13B/VPS4B",93
"GO:0006417","regulation of translation","108/3301","475/18860",0.227368421052632,1.29905132416014,3.04054873955797,0.00191006142890498,0.0427699835710481,0.0377667052532282,"ABCE1/AGO1/AGO2/AKT1/AKT1S1/AKT2/ALKBH5/APLP1/ATXN2/C1QBP/CAPRIN1/CELF4/CIRBP/CNOT1/CNOT6L/CNOT8/CNOT9/CPEB2/CTIF/DAPK1/DAPK3/DDX25/DDX3X/DHX9/EEF2/EEFSEC/EIF1/EIF2A/EIF2AK1/EIF2S1/EIF3B/EIF3K/EIF4E3/EIF4EBP1/EIF4ENIF1/EIF4H/EIF5A/EIF5B/ELP1/ELP5/ELP6/FASTKD2/FASTKD3/FMR1/FOXO3/FXR2/GSPT1/HBS1L/HNRNPU/IFRD2/ILF3/JMJD4/KHDRBS1/LARP4B/LARP6/LSM14B/MIF4GD/MIR132/MIRLET7I/MKNK1/MTG1/MTPN/NAT10/NCL/NOLC1/NPM1/NPRL2/OTUD6B/PABPC1/PAIP2/PCIF1/PINK1/PML/POLR2G/PRKCA/PRKDC/PRR16/PTCD3/PUM2/QKI/RBX1/RGS2/RIDA/RNF139/RNF152/RNH1/RPL10/RPL13A/RPL5/SARS1/SELENOT/SERP1/SYNCRIP/TBK1/TIA1/TNRC6B/TNRC6C/TRNAU1AP/UNK/UPF1/UQCC2/WTIP/YBX1/YTHDF1/YTHDF2/YWHAG/ZFP36L1/ZNF540",108
"GO:0010970","transport along microtubule","48/3301","183/18860",0.262295081967213,1.4986020132995,3.12188761845294,0.0019462575253821,0.0434214315790538,0.0383419461780998,"AP3B1/APBA1/BAG3/BLOC1S2/BLOC1S5/BORCS8/CAMSAP3/CDC42/CLIP3/COPG1/DAW1/DST/DYNC1H1/DYNC2I1/DYNLL1/DYNLT2B/FEZ1/HNRNPU/IFT122/IFT140/IFT172/IFT27/IFT80/IFT81/KIF17/KIF1A/KIF1B/KIF1C/KIF3A/KIF5B/KXD1/LCA5L/MAPK8IP3/MAPT/NDEL1/OPA1/PAFAH1B1/RASGRP1/RPGR/SPAST/SPG7/SSNA1/SSX2IP/STAU2/TMEM108/TRAF3IP1/UBB/WDR35",48
"GO:0007095","mitotic G2 DNA damage checkpoint signaling","14/3301","36/18860",0.388888888888889,2.22188562388502,3.38000311449661,0.00196788534787666,0.0435816734506503,0.0384834427845635,"ABRAXAS1/ATM/BABAM2/BRSK1/CDC14B/CDK1/DTL/FOXO4/FZR1/MRNIP/TAOK1/TAOK2/TRIM39/UIMC1",14
"GO:0019068","virion assembly","14/3301","36/18860",0.388888888888889,2.22188562388502,3.38000311449661,0.00196788534787666,0.0435816734506503,0.0384834427845635,"CHMP1A/CHMP2A/CHMP2B/CHMP3/CHMP5/CHMP7/MVB12B/PDCD6IP/RAB1B/SPCS1/TBC1D20/VPS28/VPS37C/VPS4B",14
"GO:0032535","regulation of cellular component size","85/3301","361/18860",0.235457063711911,1.34526513832373,3.05086827119965,0.00197482799702767,0.0435816734506503,0.0384834427845635,"ABITRAM/AKT1S1/ANAPC2/AP2M1/ARHGAP28/ARHGAP35/ARHGAP5/ARPC2/ARPC5/ATP13A2/BAG4/BLOC1S2/BMPR2/BORCS8/BRK1/CAPG/CAPZA1/CAPZA2/CARMIL2/CDC42EP3/CDC42EP4/CDH4/CFL1/CHMP3/CLN8/CYRIB/DISC1/DNM1/DNM2/GBA2/GOLGA4/GRB2/HP1BP3/HSP90AA1/KANK1/KANK2/KANK3/KIAA0319/KIRREL1/KXD1/LRRC8A/MAPT/MLST8/MT3/MTPN/NCKAP1/NPM1/NRCAM/PAFAH1B1/PEX11G/PFN1/PFN2/PICALM/PLS1/PLXNA3/PRKCE/PRR16/PUM2/PYCARD/RAC1/RAP1GAP2/RARG/RASA1/RHOA/SCT/SEMA4F/SLC12A1/SLC12A6/SMURF1/SPART/SPECC1L/SPTAN1/SPTBN1/SPTBN2/SPTBN4/SSH1/SSH2/SVIL/TMOD3/TWF2/VAV2/WDTC1/WNK3/WNT7A/ZFYVE27",85
"GO:0007041","lysosomal transport","37/3301","133/18860",0.278195488721804,1.58944771805308,3.14215972717582,0.00204925483359603,0.0450614920783185,0.0397901506500586,"ADRB2/AP3B1/ATP13A2/CHMP1A/CHMP2A/CHMP2B/CHMP3/CHMP5/CHMP7/DENND3/GAK/GNPTAB/GNPTG/HGS/HOOK1/HOOK3/LIPA/LRP1/LYSET/LYST/MFSD1/NAGPA/NCOA4/PINK1/PLEKHF2/PRKN/PSAP/RAB12/RBSN/SLC30A4/SNX32/TMEM106B/TPCN2/VPS35/VPS4B/ZDHHC12/ZFYVE16",37
"GO:0021953","central nervous system neuron differentiation","61/3301","245/18860",0.248979591836735,1.42252502333863,3.06616278621109,0.0020922028462201,0.045840989243525,0.0404784614050809,"ARHGAP35/B4GALT5/BCL11B/BMP2/BMPR1A/BRSK1/CBLN1/CDON/CLN8/CRK/CRKL/DAB1/DCLK2/DISC1/DLX5/EPHA2/EPHB2/EPHB3/FOXN4/GABRB1/GATA2/GBA2/GBX1/HOXD10/IFT172/INHBA/KIAA0319/LDB1/LHX1/LHX3/LHX6/LYPD6/MAPT/MIB1/NDEL1/NDNF/NEUROD1/NFIB/NR4A2/NTRK2/PAFAH1B1/PALS1/PAX6/PLXNA1/PLXNA3/POU4F1/PRKCA/PTF1A/RAC1/SCN1B/SOX1/SPAST/SPOCK1/SPTBN4/SUFU/TAOK1/TULP3/UBB/WNT7A/ZC4H2/ZDHHC16",61
"GO:0051306","mitotic sister chromatid separation","21/3301","64/18860",0.328125,1.87471599515298,3.22861001052694,0.00218385381355899,0.0474397810038319,0.0418902247992027,"ANAPC11/ANAPC7/APC/ATM/BUB3/CCNB1/CENPF/FBXO5/GEN1/HASPIN/KLHL22/KNL1/MAD1L1/MAD2L1/NSMCE2/RAD21/SKA1/SKA3/SPC24/SPDL1/ZWINT",21
"GO:0051784","negative regulation of nuclear division","21/3301","64/18860",0.328125,1.87471599515298,3.22861001052694,0.00218385381355899,0.0474397810038319,0.0418902247992027,"APC/ATM/BMP7/BUB3/CCNB1/CENPF/DMRT1/FBXO5/GEN1/HASPIN/HORMAD1/KLHL22/KNL1/MAD1L1/MAD2L1/RAD21/SKA1/SKA3/SPC24/SPDL1/ZWINT",21
"GO:0120034","positive regulation of plasma membrane bounded cell projection assembly","34/3301","120/18860",0.283333333333333,1.61880238311623,3.13219692846922,0.00218845382677582,0.0474397810038319,0.0418902247992027,"ABI2/AKT1/ANLN/APC/ARAP1/ARHGAP35/ARPC2/AUTS2/BRK1/CARMIL2/CDC42/CDC42EP3/CDC42EP4/CEP120/CFL1/DPYSL3/EPS8L2/FAM98A/FMR1/HSP90AA1/KIT/NCKAP1/NDEL1/PFN1/RAC1/RAPGEF6/RHOQ/SEPTIN9/TAPT1/TENM2/TTBK2/TWF2/WDR44/ZMYND10",34
"GO:0032509","endosome transport via multivesicular body sorting pathway","16/3301","44/18860",0.363636363636364,2.07760733661976,3.29620700180912,0.00219717750516902,0.047460586887273,0.041908596788197,"CHMP1A/CHMP2A/CHMP2B/CHMP3/CHMP5/CHMP7/HGS/LEPROTL1/LYST/MVB12B/PTPN23/SNX32/VPS28/VPS37C/VPS4B/VTA1",16
"GO:0039702","viral budding via host ESCRT complex","10/3301","22/18860",0.454545454545455,2.5970091707747,3.45217343459602,0.00221378227938379,0.0474836879785022,0.0419289954891231,"CHMP1A/CHMP2A/CHMP2B/CHMP3/CHMP5/CHMP7/PDCD6IP/VPS28/VPS37C/VPS4B",10
"GO:0040019","positive regulation of embryonic development","10/3301","22/18860",0.454545454545455,2.5970091707747,3.45217343459602,0.00221378227938379,0.0474836879785022,0.0419289954891231,"B4GALT5/CFL1/FOXA2/LHX1/NR2C2/OSR1/OTX2/PAFAH1B1/RBM19/SCX",10
"GO:0001654","eye development","99/3301","432/18860",0.229166666666667,1.30932545693224,2.99577841137001,0.00222705868697361,0.0476014327044394,0.0420329663113753,"ABI2/ACHE/AHI1/ALDH1A3/ARHGAP35/ARSG/B9D1/BCL11B/BMP7/BMPR2/BSG/CACNA1C/CALB1/CASP2/CDON/CELF4/CHD7/CHRDL1/CLIC4/CLN8/COL4A1/CYP1B1/DIO3/DLL1/DRAM2/EFEMP1/ELP6/EPHA2/EPHB2/FAT1/FJX1/FKRP/FOXC1/FOXN4/FRS2/FZR1/GNB1/GRHL3/HCN1/HMGN1/IFT122/IFT140/IFT172/INHBA/JAG1/LHX1/LHX2/LPCAT1/MDM1/MEIS1/MEIS2/MFSD8/MTERF4/MYO7A/NECTIN1/NEUROD1/NF1/NFIB/NTRK2/PAX6/PBX4/PTF1A/PXDN/RAB18/RARG/RDH13/RPGR/SAMD11/SCAPER/SCO2/SHROOM2/SIPA1L3/SIX5/SIX6/SKI/SMARCA4/SMARCD3/SMG9/SOX1/SOX11/SP3/STAU2/TBC1D20/TBC1D32/TDRD7/TENM3/TMEM135/TRAF3IP1/TTLL5/TULP3/TWIST1/USP45/VSTM4/VSX1/WNT16/WNT7A/YY1/ZDHHC16/ZEB1",99
"GO:0006356","regulation of transcription by RNA polymerase I","17/3301","48/18860",0.354166666666667,2.02350297889528,3.27026914401488,0.00224905852328396,0.0479041629018636,0.0423002828072627,"DDX11/DEK/DHX33/ERCC6/HEATR1/LYAR/MYBBP1A/MYO1C/NCL/PRR7/PWP1/SF3B1/SIRT7/SMARCA4/SMARCA5/SMARCB1/WDR43",17
"GO:0045646","regulation of erythrocyte differentiation","18/3301","52/18860",0.346153846153846,1.97772236851304,3.25189988708364,0.0022679539309485,0.0479723265740076,0.042360472620302,"ACVR1B/ACVR2A/FAM210B/FOXO3/GATA2/HOXA5/ID2/INHBA/KAT7/KLF13/LDB1/P4HTM/PRKDC/SENP1/SMAP1/STAT1/STAT5B/ZFP36L1",18
"GO:1903747","regulation of establishment of protein localization to mitochondrion","18/3301","52/18860",0.346153846153846,1.97772236851304,3.25189988708364,0.0022679539309485,0.0479723265740076,0.042360472620302,"BAG3/BAG4/BAP1/BNIP3L/CDKN2A/CSNK2A2/MAPT/NPEPPS/PINK1/PRKN/SAE1/SREBF1/SREBF2/TOMM7/UBE2D3/UBE2J2/UBL5/USP36",18
"GO:0002181","cytoplasmic translation","53/3301","208/18860",0.254807692307692,1.45582341015543,3.04478647639667,0.00233265362906074,0.0491707297739596,0.0434186853351124,"ABCE1/AKT1/AKT1S1/AKT2/CPEB2/DHX9/EEF1D/EEF2/EIF2B3/EIF2D/EIF2S2/EIF2S3/EIF3A/EIF3B/EIF3K/EIF4H/FMR1/FTSJ1/HNRNPU/MIF4GD/NEMF/NPRL2/PABPC1/RNF152/RNH1/RPL10/RPL10A/RPL13A/RPL26L1/RPL27A/RPL36/RPL37A/RPL5/RPL8/RPLP0/RPLP1/RPS15/RPS16/RPS23/RPS5/RPS9/RPSA2/RWDD1/SARS1/SLBP/SYNCRIP/TBK1/UBA52/UNK/YBX1/YTHDF2/YWHAG/ZC3H15",53
